"Berufsgruppe";"Bezeichnung"
"700";"3-D-Artist"
"700";"3-D-Druck-Spezialist/in"
"700";"ADAS/AD Engineer"
"301";"Abfall-, Entsorgungstechnik (grundständig)"
"302";"Abfall-, Entsorgungstechnik (weiterführend)"
"700";"Abfallbeauftragte/r"
"700";"Abfallberater/in"
"700";"Abfüller/in"
"202";"Abwassermeister/in"
"700";"Account-Manager/in"
"105";"Aerobic-Trainer/in"
"700";"Affiliate-Manager/in"
"403";"Afrikanist/in"
"301";"Afrikanistik (grundständig)"
"302";"Afrikanistik (weiterführend)"
"700";"Agiler Coach / Scrum Master"
"403";"Agrarbiologe/-biologin"
"301";"Agrarbiologie (grundständig)"
"302";"Agrarbiologie (weiterführend)"
"301";"Agrarmanagement (grundständig)"
"302";"Agrarmanagement (weiterführend)"
"202";"Agrarservicemeister/in"
"102";"Agrarwirtschaftlich-technische/r Assistent/in"
"301";"Agrarwissenschaft (grundständig)"
"302";"Agrarwissenschaft (weiterführend)"
"403";"Agrarwissenschaftler/in / Agrarökonom/in"
"404";"Aktuar/in"
"700";"Akustiker/in"
"404";"Algesiologe/Algesiologin"
"700";"Alleinsteuermann/-frau"
"301";"Allgemeine und vergleichende Kulturwissenschaft (grundständig)"
"302";"Allgemeine und vergleichende Kulturwissenschaft (weiterführend)"
"301";"Allgemeine und vergleichende Literaturwissenschaft (grundständig)"
"302";"Allgemeine und vergleichende Literaturwissenschaft (weiterführend)"
"301";"Allgemeine und vergleichende Sprachwissenschaft (grundständig)"
"302";"Allgemeine und vergleichende Sprachwissenschaft (weiterführend)"
"301";"Alte Musik (grundständig)"
"302";"Alte Musik (weiterführend)"
"102";"Altenpflegehelfer/in"
"205";"Altentherapeut/in"
"301";"Altertumswissenschaften (grundständig)"
"302";"Altertumswissenschaften (weiterführend)"
"403";"Altertumswissenschaftler/in"
"700";"Ambulante/r Pfleger/in"
"105";"Amtliche/r Fachassistent/in (Fleischkontrolleur/in)"
"503";"Amtsanwalt/-anwältin"
"301";"Angewandte Naturwissenschaft (grundständig)"
"302";"Angewandte Naturwissenschaft (weiterführend)"
"403";"Anglist/in / Amerikanist/in"
"301";"Anglistik, Amerikanistik (grundständig)"
"302";"Anglistik, Amerikanistik (weiterführend)"
"105";"Animateur/in"
"700";"Animationskünstler/in"
"700";"Ankleider/in / Garderobier/e"
"700";"Anlageberater/in"
"101";"Anlagenmechaniker/in"
"101";"Anlagenmechaniker/in - Sanitär-, Heizungs- und Klimatechnik"
"700";"Anschläger/in"
"700";"Anzeigenverkäufer/in"
"102";"Anästhesietechnische/r Assistent/in"
"403";"Apotheker/in"
"700";"Application-Engineer/-Manager/in"
"403";"Arabist/in"
"301";"Arabistik (grundständig)"
"302";"Arabistik (weiterführend)"
"700";"Arbeitsassistent/in"
"205";"Arbeitserzieher/in"
"301";"Arbeitsmarktmanagement (grundständig)"
"403";"Arbeitsmarktmanager/in"
"302";"Arbeitsmarktorientierte Beratung (weiterführend)"
"403";"Arbeitsmarktorientierte/r Berater/in"
"205";"Arbeitsmedizinische/r Assistent/in"
"700";"Arbeitsplanungsingenieur/in"
"700";"Arbeitsplatz-Auditor/in"
"700";"Arbeitsvermittler/in"
"700";"Arbeitsvorbereiter/in"
"403";"Arbeitswissenschaftler/in"
"403";"Architekt/in"
"301";"Architektur (grundständig)"
"302";"Architektur (weiterführend)"
"403";"Archivar/in"
"301";"Archivwissenschaft (grundständig)"
"302";"Archivwissenschaft (weiterführend)"
"403";"Archäologe/Archäologin"
"301";"Archäologie (grundständig)"
"302";"Archäologie (weiterführend)"
"700";"Arrangeur/in"
"700";"Art-Buyer (Werbung)"
"700";"Art-Director"
"102";"Artist/in"
"403";"Arzt/Ärztin"
"403";"Arztassistent/in / Physician Assistant"
"700";"Arztsekretär/in"
"101";"Asphaltbauer/in"
"700";"Assistent/in - Controlling"
"102";"Assistent/in - Ernährung und Versorgung"
"700";"Assistent/in - Filmgeschäftsführung"
"102";"Assistent/in - Gesundheits- und Sozialwesen"
"105";"Assistent/in - Gesundheitstourismus/-prophylaxe"
"102";"Assistent/in - Hotelmanagement"
"102";"Assistent/in - Informatik (Medieninformatik)"
"102";"Assistent/in - Informatik (Softwaretechnik)"
"102";"Assistent/in - Informatik (Wirtschaftsinformatik)"
"102";"Assistent/in - Informatik (allgemeine Informatik)"
"102";"Assistent/in - Informatik (technische Informatik)"
"102";"Assistent/in - Innenarchitektur"
"102";"Assistent/in - Maschinenbautechnik"
"102";"Assistent/in - Medientechnik"
"102";"Assistent/in - Produktdesign"
"700";"Assistent/in - Produktionsleitung"
"700";"Assistent/in - Steuerberatung"
"102";"Assistent/in - Technische Kommunikation"
"102";"Assistent/in - Tourismus"
"700";"Assistent/in - Wirtschaftsprüfung"
"700";"Assistent/in - klinische Studien"
"204";"Assistent/in/Fachkraft - Rechnungswesen"
"700";"Astrologe/Astrologin"
"302";"Astrophysik (weiterführend)"
"403";"Astrophysiker/in, Astronom/in"
"102";"Atem-, Sprech- und Stimmlehrer/in"
"700";"Atemtherapeut/in"
"301";"Audio-, Sounddesign (grundständig)"
"302";"Audio-, Sounddesign (weiterführend)"
"105";"Audio-Engineer"
"403";"Audiodesigner/in - Musik"
"105";"Audiodesigner/in - Musik (Ausbildung)"
"700";"Audiodeskriptor/in"
"101";"Aufbereitungsmechaniker/in - Braunkohle"
"101";"Aufbereitungsmechaniker/in - Feuerfeste/keramische Rohstoffe"
"101";"Aufbereitungsmechaniker/in - Naturstein"
"101";"Aufbereitungsmechaniker/in - Sand und Kies"
"101";"Aufbereitungsmechaniker/in - Steinkohle"
"700";"Aufnahmeleiter/in - Film und Fernsehen"
"404";"Aufsichtsperson (Unfallversicherung)"
"700";"Auftragsleiter/in"
"700";"Aufzugmonteur/in"
"301";"Augenoptik, Optometrie (grundständig)"
"302";"Augenoptik, Optometrie (weiterführend)"
"101";"Augenoptiker/in"
"401";"Augenoptikermeister/in/Bachelor Professional im Augenoptiker-Handwerk"
"700";"Auktionator/in"
"205";"Aus- und Weiterbildungspädagoge/-pädagogin"
"101";"Ausbaufacharbeiter/in - Estricharbeiten"
"101";"Ausbaufacharbeiter/in - Fliesen-, Platten- und Mosaikarbeiten"
"101";"Ausbaufacharbeiter/in - Stuckateurarbeiten"
"101";"Ausbaufacharbeiter/in - Trockenbauarbeiten"
"101";"Ausbaufacharbeiter/in - Wärme-, Kälte- und Schallschutzarbeiten"
"101";"Ausbaufacharbeiter/in - Zimmererarbeiten"
"103";"Ausbaumanager/in (doppelt qualifizierende Ausbildung)"
"205";"Ausbilder/in - Anerkannte Ausbildungsberufe"
"205";"Ausbilder/in - Erste Hilfe"
"700";"Ausbilder/in - Pharmareferenten/-innen"
"700";"Ausbildungsberater/in"
"700";"Ausstattungs-Assistent/in"
"700";"Ausstattungsleiter/in - Bühne/Film/Fernsehen"
"301";"Ausstellungsdesign (grundständig)"
"302";"Ausstellungsdesign (weiterführend)"
"403";"Ausstellungsdesigner/in"
"700";"Autogenschweißer/in"
"101";"Automatenfachmann/-frau - Automatendienstleistung"
"101";"Automatenfachmann/-frau - Automatenmechatronik"
"301";"Automatisierungstechnik (grundständig)"
"302";"Automatisierungstechnik (weiterführend)"
"205";"Automobil-Serviceberater/in"
"101";"Automobilkaufmann/-frau"
"301";"Automobilwirtschaft, Automotive Management (grundständig)"
"302";"Automobilwirtschaft, Automotive Management (weiterführend)"
"700";"Außendienstleiter/in (Versicherung)"
"700";"Außendienstmitarbeiter/in"
"103";"Außenhandelsassistent/in (doppelt qualifizierende Ausbildung)"
"700";"BIM-Manager/in"
"401";"Bachelor Professional - Betriebsinformatik"
"401";"Bachelor Professional - Energieeffizienz und digitales Bauprojektmanagement"
"401";"Bachelor Professional - IT"
"401";"Bachelor Professional - Künstliche Intelligenz und Maschinelles Lernen"
"401";"Bachelor Professional - Landwirtschaftliches Rechnungswesen und Steuern"
"401";"Bachelor Professional - Notariat"
"401";"Bachelor Professional - Straßenbetriebsmanagement"
"401";"Bachelor Professional - Versicherungen und Finanzanlagen"
"401";"Bachelor Professional - intelligente Gebäudetechnik und Systemvernetzung"
"401";"Bachelor Professional Buchhandelsfachwirt/in"
"700";"Badewärter/in (Schwimmbad)"
"700";"Ballettmeister/in"
"403";"Baltist/in"
"301";"Baltistik (grundständig)"
"301";"Bank, Finanzdienstleistungen (grundständig)"
"302";"Bank, Finanzdienstleistungen (weiterführend)"
"700";"Bankettleiter/in"
"700";"Bankettleiterassistent/in"
"101";"Bankkaufmann/-frau"
"700";"Bar-Chef/in"
"202";"Barmeister/in"
"205";"Barmixer/in, Barkeeper/in"
"301";"Batterietechnik (grundständig)"
"302";"Batterietechnik (weiterführend)"
"700";"Bau- und Projektkaufmann/-frau"
"700";"Bauabrechner/in"
"301";"Baubetriebswirtschaft, Baumanagement (grundständig)"
"302";"Baubetriebswirtschaft, Baumanagement (weiterführend)"
"700";"Baubiologe/-biologin"
"700";"Bauchredner/in"
"101";"Baugeräteführer/in"
"301";"Bauingenieurwesen (grundständig)"
"302";"Bauingenieurwesen (weiterführend)"
"700";"Baukalkulator/in"
"700";"Baukontrolleur/in (Sicherheitskontrolleur/in)"
"700";"Bauleiter/in"
"202";"Baumaschinenmeister/in"
"700";"Baumpfleger/in"
"301";"Bauphysik (grundständig)"
"302";"Bauphysik (weiterführend)"
"700";"Bausachverständige/r"
"700";"Bausparkassenfachmann/-frau"
"302";"Baustoffingenieurwissenschaft (weiterführend)"
"101";"Baustoffprüfer/in"
"101";"Bautechnische/r Konstrukteur/in - Architektur"
"101";"Bautechnische/r Konstrukteur/in - Ingenieurbau"
"101";"Bautechnische/r Konstrukteur/in - Tief-, Verkehrswege- und Landschaftsbau"
"101";"Bauwerksabdichter/in"
"101";"Bauwerksmechaniker/in für Abbruch und Betontrenntechnik"
"502";"Beamter/Beamtin - Abschiebungshaftvollzugsdienst (mittlerer nichttechnischer Dienst)"
"503";"Beamter/Beamtin - Agrarverwaltung (gehobener technischer Dienst)"
"503";"Beamter/Beamtin - Allgemeine Innere Verwaltung (gehobener nichttechnischer Dienst)"
"504";"Beamter/Beamtin - Allgemeine Innere Verwaltung (höherer nichttechnischer Dienst)"
"502";"Beamter/Beamtin - Allgemeine Innere Verwaltung (mittlerer nichttechnischer Dienst)"
"503";"Beamter/Beamtin - Archivdienst (gehobener nichttechnischer Dienst)"
"504";"Beamter/Beamtin - Archivdienst (höherer Dienst)"
"502";"Beamter/Beamtin - Archivdienst (mittlerer Dienst)"
"503";"Beamter/Beamtin - Auswärtiger Dienst (gehobener nichttechnischer Dienst)"
"504";"Beamter/Beamtin - Auswärtiger Dienst (höherer Dienst)"
"502";"Beamter/Beamtin - Auswärtiger Dienst (mittlerer Dienst)"
"503";"Beamter/Beamtin - Bahnwesen (gehobener technischer Dienst)"
"504";"Beamter/Beamtin - Bergverwaltung (höherer bergtechnischer Dienst)"
"503";"Beamter/Beamtin - Bibliothekswesen (gehobener nichttechnischer Dienst)"
"503";"Beamter/Beamtin - Bundesbank (gehobener nichttechnischer Dienst)"
"504";"Beamter/Beamtin - Bundesbank (höherer Bankdienst)"
"502";"Beamter/Beamtin - Bundesbank (mittlerer Bankdienst)"
"503";"Beamter/Beamtin - Bundeskriminaldienst (gehobener Dienst)"
"503";"Beamter/Beamtin - Bundesnachrichtendienst (gehobener Dienst)"
"502";"Beamter/Beamtin - Bundesnachrichtendienst (mittlerer nichttechnischer Dienst)"
"503";"Beamter/Beamtin - Digitale Verwaltung (gehobener nichttechnischer Dienst)"
"503";"Beamter/Beamtin - Eichwesen (gehobener technischer Dienst)"
"502";"Beamter/Beamtin - Eichwesen (mittlerer technischer Dienst)"
"503";"Beamter/Beamtin - Fernmelde- und Elektronischen Aufklärung des Bundes (gehobener technischer Dienst)"
"502";"Beamter/Beamtin - Fernmelde- und Elektronischen Aufklärung des Bundes (mittlerer technischer Dienst)"
"503";"Beamter/Beamtin - Feuerwehrtechnischer Dienst (gehobener Dienst)"
"504";"Beamter/Beamtin - Feuerwehrtechnischer Dienst (höherer Dienst)"
"502";"Beamter/Beamtin - Feuerwehrtechnischer Dienst (mittlerer technischer Dienst)"
"503";"Beamter/Beamtin - Forstdienst (gehobener Dienst)"
"504";"Beamter/Beamtin - Forstdienst (höherer Dienst)"
"503";"Beamter/Beamtin - Gehobener bautechnischer Dienst"
"503";"Beamter/Beamtin - Gewerbeaufsichtsverwaltung (gehobener technischer Dienst)"
"504";"Beamter/Beamtin - Gewerbeaufsichtsverwaltung (höherer technischer Dienst)"
"502";"Beamter/Beamtin - Gewerbeaufsichtsverwaltung (mittlerer technischer Dienst)"
"504";"Beamter/Beamtin - Höherer bautechnischer Dienst"
"504";"Beamter/Beamtin - Höherer landwirtschaftlicher Dienst"
"502";"Beamter/Beamtin - Justizdienst (mittlerer nichttechnischer Dienst)"
"503";"Beamter/Beamtin - Justizvollzugsdienst (gehobener nichttechnischer Dienst)"
"502";"Beamter/Beamtin - Justizvollzugsdienst (mittlerer nichttechnischer Dienst)"
"504";"Beamter/Beamtin - Kriminaldienst (höherer Dienst)"
"503";"Beamter/Beamtin - Landeskriminalamt (gehobener Dienst)"
"503";"Beamter/Beamtin - Landwirtschaftliche Sozialversicherung (gehobener nichttechnischer Dienst)"
"502";"Beamter/Beamtin - Lebensmittelkontrolle (mittlerer technischer Dienst)"
"503";"Beamter/Beamtin - Sozialversicherung (gehobener nichttechnischer Dienst)"
"503";"Beamter/Beamtin - Sozialverwaltung (gehobener Dienst)"
"502";"Beamter/Beamtin - Sozialverwaltung (mittlerer Dienst)"
"503";"Beamter/Beamtin - Steuerverwaltung (gehobener nichttechnischer Dienst)"
"504";"Beamter/Beamtin - Steuerverwaltung (höherer nichttechnischer Dienst)"
"502";"Beamter/Beamtin - Steuerverwaltung (mittlerer nichttechnischer Dienst)"
"503";"Beamter/Beamtin - Umweltverwaltung (gehobener technischer Dienst)"
"504";"Beamter/Beamtin - Umweltverwaltung (höherer technischer Dienst)"
"503";"Beamter/Beamtin - Verfassungsschutz (gehobener Dienst)"
"502";"Beamter/Beamtin - Verfassungsschutz (mittlerer Dienst)"
"503";"Beamter/Beamtin - Vermessungswesen (gehobener technischer Dienst)"
"504";"Beamter/Beamtin - Vermessungswesen (höherer technischer Dienst)"
"502";"Beamter/Beamtin - Vermessungswesen (mittlerer technischer Dienst)"
"503";"Beamter/Beamtin - Verwaltungsdienst des Bundes im Informationstechnikzentrum Bund (gehobener technischer Dienst)"
"503";"Beamter/Beamtin - Verwaltungsinformatikdienst (gehobener Dienst)"
"503";"Beamter/Beamtin - Wasser- und Schifffahrtsverwaltung (gehobener technischer Dienst)"
"503";"Beamter/Beamtin - Wehrverwaltung (gehobener nichttechnischer Dienst)"
"503";"Beamter/Beamtin - Wehrverwaltung (gehobener technischer Dienst)"
"504";"Beamter/Beamtin - Wehrverwaltung (höherer technischer Dienst)"
"502";"Beamter/Beamtin - Wehrverwaltung (mittlerer nichttechnischer Dienst)"
"502";"Beamter/Beamtin - Wehrverwaltung (mittlerer technischer Dienst)"
"503";"Beamter/Beamtin - Wetterdienst (gehobener nichttechnischer Dienst)"
"502";"Beamter/Beamtin - Wetterdienst (mittlerer nichttechnischer Dienst)"
"503";"Beamter/Beamtin - Zolldienst (gehobener nichttechnischer Dienst)"
"502";"Beamter/Beamtin - Zolldienst (mittlerer Dienst)"
"504";"Beamter/Beamtin - wissenschaftliche Bibliotheken (höherer Dienst)"
"101";"Behälter- und Apparatebauer/in"
"401";"Behälter- und Apparatebauermeister/in/Bachelor Professional im Behälter- und Apparatebauer-Handwerk"
"102";"Bekleidungstechnische/r Assistent/in"
"700";"Beleuchter/in"
"403";"Berater/in - Bildung, Beruf und Beschäftigung"
"700";"Berater/in - Erneuerbare Energien"
"700";"Berater/in - Immobilienfinanzierung"
"700";"Berater/in - Smart City"
"700";"Berater/in - digitale Barrierefreiheit"
"700";"Berater/in - digitale Transformation"
"301";"Beratung für Bildung, Beruf und Beschäftigung (grundständig)"
"700";"Beratungslehrer/in"
"700";"Berechnungsingenieur/in"
"700";"Bereichsleiter/in"
"700";"Bereiter/in"
"101";"Berg- und Maschinenmann/-frau - Transport und Instandhaltung"
"101";"Berg- und Maschinenmann/-frau - Vortrieb und Gewinnung"
"105";"Berg- und Skiführer/in"
"101";"Bergbautechnologe/-technologin - Tiefbautechnik"
"101";"Bergbautechnologe/-technologin - Tiefbohrtechnik"
"700";"Berufsberater/in"
"700";"Berufseinstiegsbegleiter/in"
"101";"Berufskraftfahrer/in"
"105";"Berufspilot/in - Flugzeuge (CPL (A))"
"105";"Berufspilot/in - Hubschrauber (CPL (H))"
"403";"Berufspädagoge/-pädagogin"
"205";"Berufspädagoge/-pädagogin (Weiterbildung)"
"301";"Berufspädagogik (grundständig)"
"302";"Berufspädagogik (weiterführend)"
"201";"Berufsspezialist/in - Building Information Modeling (BIM) im Handwerk"
"201";"Berufsspezialist/in - Datenanalyse"
"201";"Berufsspezialist/in - Elektronik Mobilität"
"201";"Berufsspezialist/in - Fachberater/in - Servicemanagement"
"201";"Berufsspezialist/in - IT-Beratung"
"201";"Berufsspezialist/in - Industrielle Transformation (gewerblich-technisch)"
"201";"Berufsspezialist/in - Industrielle Transformation (kaufmännisch)"
"201";"Berufsspezialist/in - Informationssicherheit"
"201";"Berufsspezialist/in - Kraftfahrzeug-Servicetechnik"
"201";"Berufsspezialist/in - Künstliche Intelligenz und Maschinelles Lernen"
"201";"Berufsspezialist/in - Ladeinfrastruktursysteme der Elektromobilität"
"201";"Berufsspezialist/in - Notariat"
"201";"Berufsspezialist/in - Softwareentwicklung"
"201";"Berufsspezialist/in - Sommelier/Sommelière"
"201";"Berufsspezialist/in - Systemintegration und Vernetzung"
"201";"Berufsspezialist/in - Verteilnetztechnik"
"201";"Berufsspezialist/in - Vertrieb"
"201";"Berufsspezialist/in - ambulante medizinische Versorgung"
"201";"Berufsspezialist/in - fremdsprachige Kommunikation"
"201";"Berufsspezialist/in - gesetzliche Krankenversicherung"
"201";"Berufsspezialist/in - industrielle Teilereinigung"
"201";"Berufsspezialist/in - intelligente Gebäudetechnik und Systemvernetzung"
"103";"Berufsspezialist/in Technische/r Kaufmann/-frau (doppelt qualifizierende Ausbildung)"
"700";"Berufssportler/in"
"700";"Berufstrainer/in (Pferderennsport)"
"205";"Berufstrainer/in - Sport"
"205";"Bestatter/in (Weiterbildung)"
"202";"Bestattermeister/in"
"101";"Bestattungsfachkraft (Ausbildung)"
"700";"Beteiligungsmanager/in"
"101";"Beton- und Stahlbetonbauer/in"
"101";"Betonfertigteilbauer/in"
"700";"Betonmischmaschinenführer/in"
"700";"Betonpumpenbediener/in"
"700";"Betreuungshelfer/in (Flüchtlingshilfe)"
"105";"Betreuungskraft / Alltagsbegleiter/in"
"700";"Betreuungslehrer/in - allgemeinbildende Schulen"
"103";"Betriebsassistent/in - Handwerk (doppelt qualifizierende Ausbildung)"
"202";"Betriebsbraumeister/in"
"700";"Betriebsingenieur/in"
"404";"Betriebsleiter/in - Eisenbahnen"
"700";"Betriebsleiter/in - Gesundheitswesen/Freizeit/Fitness"
"401";"Betriebsleiter/in - Hotel und Gaststätten/Bachelor Professional in Ernährungs- und Versorgungsmanagement"
"700";"Betriebsleiter/in - kaufmännisch"
"700";"Betriebsleiter/in - landwirtschaftlich"
"700";"Betriebsleiter/in - technisch"
"204";"Betriebsmanager/in - Bau- und Holztechnik"
"204";"Betriebsmanager/in - Farbtechnik und Raumgestaltung"
"700";"Betriebsplaner/in"
"700";"Betriebssanitäter/in"
"700";"Betriebstechniker/in"
"402";"Betriebswirt/in (BBiG)/Master Professional in Business Management nach dem Berufsbildungsgesetz"
"401";"Betriebswirt/in (Fachschule) - Absatz/Marketing/Bachelor Professional in Wirtschaft"
"401";"Betriebswirt/in (Fachschule) - Agrarbetrieb/Bachelor Professional in Agrarwirtschaft"
"401";"Betriebswirt/in (Fachschule) - Außenwirtschaft/Bachelor Professional in Wirtschaft"
"204";"Betriebswirt/in (Fachschule) - Bank"
"401";"Betriebswirt/in (Fachschule) - Catering/Verpflegungsmanagement/Bachelor Professional in Wirtschaft"
"401";"Betriebswirt/in (Fachschule) - Controlling/Bachelor Professional in Wirtschaft"
"401";"Betriebswirt/in (Fachschule) - Event-Management/Bachelor Professional in Wirtschaft"
"401";"Betriebswirt/in (Fachschule) - Finanzen und Investment/Bachelor Professional in Wirtschaft"
"204";"Betriebswirt/in (Fachschule) - Handel"
"401";"Betriebswirt/in (Fachschule) - Hotel-, Gaststättengewerbe/Bachelor Professional in Wirtschaft"
"401";"Betriebswirt/in (Fachschule) - Immobilien/Bachelor Professional in Wirtschaft"
"401";"Betriebswirt/in (Fachschule) - Informationsverarbeitung/Bachelor Professional in Wirtschaft"
"401";"Betriebswirt/in (Fachschule) - Kommunikation und Büromanagement/Bachelor Professional in Wirtschaft"
"204";"Betriebswirt/in (Fachschule) - Kraftfahrzeuge"
"401";"Betriebswirt/in (Fachschule) - Logistik/Bachelor Professional in Wirtschaft"
"401";"Betriebswirt/in (Fachschule) - Management im Gesundheitswesen/Bachelor Professional in Wirtschaft"
"401";"Betriebswirt/in (Fachschule) - Marketingkommunikation/Bachelor Professional in Wirtschaft"
"401";"Betriebswirt/in (Fachschule) - Möbelhandel/Bachelor Professional in Wirtschaft"
"401";"Betriebswirt/in (Fachschule) - Personalwirtschaft/Bachelor Professional in Wirtschaft"
"401";"Betriebswirt/in (Fachschule) - Produktionswirtschaft/Bachelor Professional in Wirtschaft"
"401";"Betriebswirt/in (Fachschule) - Rechnungswesen/Bachelor Professional in Wirtschaft"
"401";"Betriebswirt/in (Fachschule) - Recht/Bachelor Professional in Wirtschaft"
"204";"Betriebswirt/in (Fachschule) - Sozialwesen"
"401";"Betriebswirt/in (Fachschule) - Steuern/Bachelor Professional in Wirtschaft"
"401";"Betriebswirt/in (Fachschule) - Tourismus/Bachelor Professional in Wirtschaft"
"401";"Betriebswirt/in (Fachschule) - Unternehmensführung/Bachelor Professional in Wirtschaft"
"204";"Betriebswirt/in (Fachschule) - Verwaltung"
"401";"Betriebswirt/in (Fachschule) - allgemeine Betriebswirtschaftslehre/Bachelor Professional in Wirtschaft"
"403";"Betriebswirt/in (Hochschule)"
"403";"Betriebswirt/in (Hochschule) - Automobilwirtschaft"
"403";"Betriebswirt/in (Hochschule) - Bank und Finanzdienstleistungen"
"403";"Betriebswirt/in (Hochschule) - Bauwirtschaft"
"403";"Betriebswirt/in (Hochschule) - Dienstleistungsmanagement"
"403";"Betriebswirt/in (Hochschule) - Handel"
"403";"Betriebswirt/in (Hochschule) - Handwerksmanagement"
"403";"Betriebswirt/in (Hochschule) - Hotelmanagement"
"403";"Betriebswirt/in (Hochschule) - Immobilien"
"403";"Betriebswirt/in (Hochschule) - Industrie"
"403";"Betriebswirt/in (Hochschule) - Internationale Wirtschaft"
"403";"Betriebswirt/in (Hochschule) - Logistik"
"403";"Betriebswirt/in (Hochschule) - Marketing"
"403";"Betriebswirt/in (Hochschule) - Personalmanagement"
"403";"Betriebswirt/in (Hochschule) - Rechnungswesen und Controlling"
"403";"Betriebswirt/in (Hochschule) - Sozialversicherung"
"403";"Betriebswirt/in (Hochschule) - Steuern und Prüfungswesen"
"403";"Betriebswirt/in (Hochschule) - Touristik"
"403";"Betriebswirt/in (Hochschule) - Umweltökonomie"
"403";"Betriebswirt/in (Hochschule) - Unternehmensführung, Management"
"403";"Betriebswirt/in (Hochschule) - Verkehr"
"403";"Betriebswirt/in (Hochschule) - Versicherung"
"403";"Betriebswirt/in (Hochschule) - Werbung, Marketingkommunikation"
"204";"Betriebswirt/in (HwO)"
"103";"Betriebswirt/in (doppelt qualifizierende Ausbildung) - Außenhandel"
"103";"Betriebswirt/in (doppelt qualifizierende Ausbildung) - Textil"
"103";"Betriebswirt/in (doppelt qualifizierende Ausbildung) - allgemeine Betriebswirtschaft"
"301";"Betriebswirtschaftslehre, Business Administration (grundständig)"
"302";"Betriebswirtschaftslehre, Business Administration (weiterführend)"
"700";"Bezirksleiter/in"
"301";"Bibliotheks-, Informationswissenschaft (grundständig)"
"302";"Bibliotheks-, Informationswissenschaft (weiterführend)"
"401";"Bilanzbuchhalter/in/Bachelor Professional in Bilanzbuchhaltung"
"205";"Bildeinrahmer/in"
"301";"Bildende Künste (grundständig)"
"302";"Bildende Künste (weiterführend)"
"403";"Bildende/r Künstler/in"
"105";"Bildhauer/in"
"700";"Bildjournalist/in"
"700";"Bildredakteur/in"
"700";"Bildungs-, Studienberater/in"
"700";"Bildungsforscher/in"
"302";"Bildungsmanagement (weiterführend)"
"403";"Bildungsmanager/in"
"700";"Bildungsreferent/in"
"101";"Binnenschiffer/in"
"202";"Binnenschiffermeister/in"
"101";"Binnenschifffahrtskapitän/in"
"301";"Biochemie (grundständig)"
"302";"Biochemie (weiterführend)"
"403";"Biochemiker/in"
"301";"Bioinformatik (grundständig)"
"302";"Bioinformatik (weiterführend)"
"403";"Bioinformatiker/in"
"403";"Biologe/Biologin"
"301";"Biologie (grundständig)"
"302";"Biologie (weiterführend)"
"101";"Biologielaborant/in"
"101";"Biologiemodellmacher/in"
"102";"Biologisch-technische/r Assistent/in"
"700";"Biologische/r Anthropologe/Anthropologin"
"301";"Biomathematik (grundständig)"
"302";"Biomathematik (weiterführend)"
"403";"Biomathematiker/in"
"301";"Biomechanik (grundständig)"
"302";"Biomechanik (weiterführend)"
"301";"Biomedizin, Molekulare Medizin (grundständig)"
"302";"Biomedizin, Molekulare Medizin (weiterführend)"
"205";"Biomedizinische/r Fachanalytiker/in - Hämatologie"
"205";"Biomedizinische/r Fachanalytiker/in - Immunhämatologie und Transfusionsmedizin"
"205";"Biomedizinische/r Fachanalytiker/in - klinische Chemie und Pathobiochemie"
"205";"Biomedizinische/r Fachanalytiker/in - medizinische Mikrobiologie, Virologie und Hygiene"
"302";"Biometrie, Biostatistik (weiterführend)"
"403";"Biometriker/in"
"301";"Bionik (grundständig)"
"302";"Bionik (weiterführend)"
"403";"Bioniker/in"
"301";"Biophysik (grundständig)"
"302";"Biophysik (weiterführend)"
"403";"Biophysiker/in"
"301";"Biotechnologie (grundständig)"
"302";"Biotechnologie (weiterführend)"
"301";"Biowissenschaften, Life Sciences (grundständig)"
"302";"Biowissenschaften, Life Sciences (weiterführend)"
"403";"Biowissenschaftler/in"
"301";"Bioökonomie (grundständig)"
"302";"Bioökonomie (weiterführend)"
"700";"Blitzschutzmonteur/in"
"700";"Blockchain-Entwickler/in"
"101";"Bodenleger/in"
"700";"Bodensteward/-stewardess"
"101";"Bogenmacher/in"
"401";"Bogenmachermeister/in/Bachelor Professional im Bogenbauer-Handwerk"
"700";"Bohrgeräteführer/in"
"101";"Bootsbauer/in - Neu-, Aus- und Umbau"
"101";"Bootsbauer/in - Technik"
"401";"Bootsbauermeister/in/Bachelor Professional im Bootsbauer-Handwerk"
"700";"Boxlehrer/in"
"700";"Brand-Manager/in"
"205";"Brandschutzfachkraft"
"700";"Brandschutzsachverständige/r"
"401";"Brau- und Getränketechnologe/-technologin/Bachelor Professional in Technik"
"401";"Brauer- und Mälzermeister/in/Bachelor Professional im Brauer- und Mälzer-Handwerk"
"101";"Brauer/in und Mälzer/in"
"301";"Brauerei-, Getränketechnologie (grundständig)"
"302";"Brauerei-, Getränketechnologie (weiterführend)"
"101";"Brenner/in"
"700";"Brennschneider/in"
"101";"Brunnenbauer/in"
"401";"Brunnenbauermeister/in/Bachelor Professional im Brunnenbauer-Handwerk"
"101";"Buchbinder/in"
"205";"Buchbinder/in - Restaurierungsarbeiten"
"401";"Buchbindermeister/in/Bachelor Professional im Buchbinder-Handwerk"
"204";"Buchhalter/in"
"302";"Buchhandel, Verlagswirtschaft (weiterführend)"
"101";"Buchhändler/in"
"403";"Buchhändler/in (Hochschule)"
"301";"Buchwissenschaft (grundständig)"
"302";"Buchwissenschaft (weiterführend)"
"403";"Buchwissenschaftler/in"
"700";"Business-Analyst/in"
"700";"Business-Continuity-Manager/in"
"700";"Business-Development-Manager/in"
"700";"Business-Intelligence-Consultant"
"101";"Bäcker/in"
"401";"Bäckermeister/in/Bachelor Professional im Bäcker-Handwerk"
"700";"Börsenhändler/in"
"101";"Böttcher/in"
"401";"Böttchermeister/in/Bachelor Professional im Böttcher-Handwerk"
"101";"Büchsenmacher/in"
"401";"Büchsenmachermeister/in/Bachelor Professional im Büchsenmacher-Handwerk"
"700";"Bügler/in"
"301";"Bühnenbild (grundständig)"
"302";"Bühnenbild (weiterführend)"
"700";"Bühnenbild-Assistent/in"
"403";"Bühnenbildner/in"
"101";"Bühnenmaler/in und Bühnenplastiker/in - Malerei"
"101";"Bühnenmaler/in und Bühnenplastiker/in - Plastik"
"403";"Bühnentänzer/in"
"102";"Bühnentänzer/in (Ausbildung)"
"204";"Büroleiter/in - Handwerk und Mittelstand"
"101";"Bürsten- und Pinselmacher/in"
"401";"Bürsten- und Pinselmachermeister/in/Bachelor Professional im Bürsten- und Pinselmacher-Handwerk"
"205";"CAD-Fachkraft (ohne Schwerpunkt)"
"205";"CAD-Fachkraft - Bau"
"205";"CAD-Fachkraft - Metall"
"700";"CE-Beauftragte/r"
"205";"CNC-Fachkraft/NC-Anwendungsfachmann/-frau"
"700";"CRM-Consultant"
"700";"CRM-Manager/in"
"105";"Callcenteragent/in"
"700";"Campaigner/in"
"700";"Casting-Direktor/in"
"700";"Category-Manager/in"
"700";"Catering-Manager/in"
"700";"Change-Manager/in"
"700";"Chatbot-Entwickler/in"
"700";"Chefarzt/-ärztin"
"700";"Chefredakteur/in"
"301";"Chemie (grundständig)"
"302";"Chemie (weiterführend)"
"301";"Chemieingenieurwesen (grundständig)"
"302";"Chemieingenieurwesen (weiterführend)"
"101";"Chemielaborant/in"
"101";"Chemielaborjungwerker/in"
"101";"Chemikant/in"
"403";"Chemiker/in"
"102";"Chemisch-technische/r Assistent/in"
"301";"Chemische Biologie (grundständig)"
"302";"Chemische Biologie (weiterführend)"
"700";"Chief-Digital-Officer"
"700";"Chief-Information-Security-Officer"
"700";"Chief-Product-Officer"
"700";"Chief-Technology-Officer"
"700";"Chiefsteward/-stewardess"
"700";"Chiropraktiker/in"
"101";"Chirurgiemechaniker/in"
"401";"Chirurgiemechanikermeister/in/Bachelor Professional im Chirurgiemechaniker-Handwerk"
"403";"Choreograf/in"
"302";"Choreografie (weiterführend)"
"700";"Chorsänger/in"
"700";"City-/Flächen-Manager/in"
"700";"Claim-Manager/in"
"700";"Cloud-Architect"
"700";"Cloud-Consultant"
"105";"Clown/in"
"700";"Coach / Supervisor/in"
"301";"Coaching, Beratung, Supervision (grundständig)"
"302";"Coaching, Beratung, Supervision (weiterführend)"
"700";"Comic-Zeichner/in"
"700";"Community-Manager/in"
"700";"Compliance-Manager/in"
"403";"Computerlinguist/in"
"301";"Computerlinguistik (grundständig)"
"302";"Computerlinguistik (weiterführend)"
"301";"Computermathematik (grundständig)"
"302";"Computermathematik (weiterführend)"
"403";"Computermathematiker/in"
"403";"Computervisualist/in"
"301";"Computervisualistik (grundständig)"
"302";"Computervisualistik (weiterführend)"
"700";"Content Creator"
"700";"Content-Manager/in"
"700";"Content-Marketing-Manager/in"
"204";"Controller/in"
"700";"Corporate Profiler/in"
"105";"Croupier/Croupière"
"700";"Customer-Experience-Manager/in"
"700";"Cyber-Security-Consultant"
"700";"DTP-Fachkraft"
"101";"Dachdecker/in"
"401";"Dachdeckermeister/in/Bachelor Professional im Dachdecker-Handwerk"
"700";"Data Engineer"
"403";"Data Scientist"
"700";"Data-Analyst/in"
"700";"Data-Consultant"
"700";"Data-Warehouse-Analyst/in"
"700";"Datenerfasser/in"
"700";"Datenschutzbeauftragte/r"
"301";"Datenwissenschaft, Data Science (grundständig)"
"302";"Datenwissenschaft, Data Science (weiterführend)"
"700";"Dekontreiniger/in"
"700";"Demand Planner"
"700";"Demograf/in"
"302";"Denkmalpflege (weiterführend)"
"403";"Denkmalpfleger/in"
"301";"Dentalhygiene (grundständig)"
"401";"Dentalhygieniker/in/Bachelor Professional in Dentalhygiene"
"700";"Deployment-/Release-Manager/in"
"700";"Deponieleiter/in"
"301";"Design (grundständig)"
"302";"Design (weiterführend)"
"102";"Designer/in (Ausbildung) - Foto"
"102";"Designer/in (Ausbildung) - Grafik"
"102";"Designer/in (Ausbildung) - Kommunikationsdesign"
"105";"Designer/in (Ausbildung) - Medien"
"102";"Designer/in (Ausbildung) - Mode"
"102";"Designer/in (Ausbildung) - angewandte Formgebung, Schmuck und Gerät"
"403";"Designer/in (Hochschule)"
"105";"Desinfektor/in"
"101";"Destillateur/in"
"202";"Destillateurmeister/in"
"105";"Detektiv/in"
"301";"Deutsch als Zweit-/Fremdsprache (grundständig)"
"302";"Deutsch als Zweit-/Fremdsprache (weiterführend)"
"700";"DevOps Engineer"
"700";"Diabetesassistent/in"
"205";"Diabetesberater/in"
"205";"Diakon (katholisch)"
"205";"Diakon/in (evangelisch)"
"301";"Dienstleistungs-, Servicemanagement (grundständig)"
"302";"Dienstleistungs-, Servicemanagement (weiterführend)"
"700";"Dienstwagenfahrer/in"
"700";"Digital-Analyst/in"
"700";"Digital-Event-Manager/in"
"700";"Digital-Sales-Manager/in"
"301";"Digitale Geisteswissenschaften/Computerphilologie (grundständig)"
"302";"Digitale Geisteswissenschaften/Computerphilologie (weiterführend)"
"700";"Direktionsbevollmächtigte/r (Versicherung)"
"403";"Dirigent/in"
"301";"Dirigieren, Chorleitung (grundständig)"
"302";"Dirigieren, Chorleitung (weiterführend)"
"700";"Diskjockey"
"700";"Disponent/in - Güterverkehr"
"102";"Disponent/in - Integrierte Leitstelle"
"700";"Diversity-Manager/in"
"102";"Diätassistent/in"
"700";"Diätberater/in"
"205";"Diätkoch/-köchin"
"403";"Dokumentar/in"
"700";"Dokumentensachbearbeiter/in (Bank)"
"301";"Dolmetschen (grundständig)"
"302";"Dolmetschen (weiterführend)"
"403";"Dolmetscher/in"
"105";"Dolmetscher/in (Ausbildung)"
"700";"Dompteur/Dompteuse"
"205";"Dorfhelfer/in"
"700";"Dozent/in - Hochschulen und Akademien"
"700";"Dozent/in - Waldorflehrerseminar"
"403";"Dramaturg/in"
"105";"Dramaturg/in (Ausbildung)"
"301";"Dramaturgie (grundständig)"
"302";"Dramaturgie (weiterführend)"
"401";"Drechsler- bzw. Elfenbeinschnitzer- und Holzspielzeugmachermeister/in/Bachelor Professional im Drechsler-(Elfenbeinschnitzer-) und Holzspielzeugmacher-Handwerk"
"101";"Drechsler/in (Elfenbeinschnitzer/in) - Drechseln"
"101";"Drechsler/in (Elfenbeinschnitzer/in) - Elfenbeinschnitzen"
"105";"Drehbuchautor/in"
"101";"Drogist/in"
"301";"Druck-, Medientechnik (grundständig)"
"302";"Druck-, Medientechnik (weiterführend)"
"401";"Druckermeister/in/Bachelor Professional im Drucker-Handwerk"
"700";"Duty-Officer"
"700";"E-Bike-Servicetechniker/in"
"700";"E-Commerce-Manager/in"
"700";"E-Government-Consultant"
"700";"E-Learning-Autor/in"
"700";"E-Mail-Agent/in"
"700";"E-Mail-Marketing-Manager/in"
"700";"E-Sports-Manager/in"
"205";"EDV-Fachkraft"
"700";"ESG-Manager/in"
"101";"Edelsteinfasser/in"
"401";"Edelsteinschleifer- und Edelsteingraveurmeister/in/Bachelor Professional im Edelsteinschleifer- und Edelsteingraveur-Handwerk"
"101";"Edelsteinschleifer/in - Edelsteingravieren"
"101";"Edelsteinschleifer/in - Edelsteinschleifen"
"101";"Edelsteinschleifer/in - Industriediamantschleifen"
"101";"Edelsteinschleifer/in - Schmuckdiamantschleifen"
"302";"Editionswissenschaft (weiterführend)"
"403";"Editionswissenschaftler/in"
"700";"Ehrenamtskoordinator/in"
"700";"Einkäufer/in"
"401";"Einrichtungsfachberater/in/Bachelor Professional in Wirtschaft"
"700";"Einsatzleiter/in (Feuerwehr)"
"700";"Einsatzleiter/in (Rettungsdienst)"
"700";"Einsatzleiter/in (Sicherheitsgewerbe)"
"101";"Eisenbahner/in - Betriebsdienst - Lokführer/in und Transport"
"101";"Eisenbahner/in - Zugverkehrssteuerung"
"700";"Eislauflehrer/in"
"101";"Elektroanlagenmonteur/in"
"700";"Elektrofachkraft für festgelegte Tätigkeiten"
"401";"Elektromaschinenbauermeister/in/Bachelor Professional im Elektromaschinenbauer-Handwerk"
"301";"Elektromobilität (grundständig)"
"302";"Elektromobilität (weiterführend)"
"101";"Elektroniker/in - Automatisierungs- und Systemtechnik"
"101";"Elektroniker/in - Automatisierungstechnik"
"101";"Elektroniker/in - Betriebstechnik"
"101";"Elektroniker/in - Energie- und Gebäudetechnik"
"101";"Elektroniker/in - Gebäude- und Infrastruktursysteme"
"101";"Elektroniker/in - Gebäudesystemintegration"
"101";"Elektroniker/in - Geräte und Systeme"
"101";"Elektroniker/in - Informations- und Systemtechnik"
"101";"Elektroniker/in - Maschinen und Antriebstechnik (BBiG)"
"101";"Elektroniker/in - Maschinen und Antriebstechnik (HwO)"
"700";"Elektroniker/in - Prüffeld"
"700";"Elektroschweißer/in"
"301";"Elektrotechnik (grundständig)"
"302";"Elektrotechnik (weiterführend)"
"401";"Elektrotechnikermeister/in/Bachelor Professional im Elektrotechniker-Handwerk"
"700";"Elektrotechniksachverständige/r"
"102";"Elektrotechnische/r Assistent/in"
"700";"Embedded-Systems-Entwickler/in"
"700";"Empfangschef/in (Hotel)"
"700";"Empfangskraft"
"700";"Empfangsmitarbeiter/in (Hotel)"
"700";"Employer-Branding-Manager/in"
"301";"Energie-, Ressourcenmanagement (grundständig)"
"302";"Energie-, Ressourcenmanagement (weiterführend)"
"403";"Energiemanager/in"
"301";"Energietechnik (grundständig)"
"302";"Energietechnik (weiterführend)"
"102";"Ensembleleiter/in"
"700";"Entertainer/in"
"700";"Entroster/in"
"700";"Entwickler/in - Datenvisualisierung"
"700";"Entwickler/in - Drohnen"
"302";"Entwicklungsforschung, -politik (weiterführend)"
"700";"Entwicklungstechniker/in"
"403";"Epidemiologe/Epidemiologin"
"302";"Epidemiologie (weiterführend)"
"700";"Epithetiker/in"
"700";"Erdbewegungsmaschinenführer/in"
"102";"Ergotherapeut/in (Ausbildung)"
"301";"Ergotherapie (grundständig)"
"301";"Erneuerbare Energien (grundständig)"
"302";"Erneuerbare Energien (weiterführend)"
"700";"Ernährungs- und Fitnessberater/in (Gesundheit/Sport)"
"205";"Ernährungsberater/in"
"301";"Ernährungswissenschaft, Ökotrophologie (grundständig)"
"302";"Ernährungswissenschaft, Ökotrophologie (weiterführend)"
"700";"Erodierer/in"
"205";"Erste/r Nautische/r Schiffsoffizier/in"
"102";"Erzieher/in"
"102";"Erzieher/in - Jugend- und Heimerziehung"
"301";"Erziehungs-, Bildungswissenschaft (grundständig)"
"302";"Erziehungs-, Bildungswissenschaft (weiterführend)"
"700";"Erziehungsberater/in"
"101";"Estrichleger/in"
"401";"Estrichlegermeister/in/Bachelor Professional im Estrichleger-Handwerk"
"700";"Ethical Hacker"
"103";"Eurokaufmann/-frau (doppelt qualifizierende Ausbildung)"
"301";"Eurythmie (grundständig)"
"302";"Eurythmie (weiterführend)"
"105";"Eurythmielehrer/in"
"403";"Eurythmist/in"
"700";"Eutonietherapeut/in"
"700";"Evangelische/r Pfarrer/in"
"301";"Event-Management (grundständig)"
"403";"Event-Manager/in"
"105";"Event-Manager/in (Ausbildung)"
"700";"Expansionsmanager/in"
"700";"Expedient/in"
"700";"FMEA-Moderator/in"
"401";"Fachagrarwirt/in - Baumpflege/Bachelor Professional Baumpflege"
"205";"Fachagrarwirt/in - Besamungswesen"
"205";"Fachagrarwirt/in - Erneuerbare Energien/Biomasse"
"205";"Fachagrarwirt/in - Head-Greenkeeper/in"
"205";"Fachagrarwirt/in - Klauenpflege"
"205";"Fachagrarwirt/in - Sport- und Golfplatzpflege"
"205";"Fachaltenpfleger/in - Onkologie"
"205";"Fachaltenpfleger/in - Palliativ- und Hospizpflege"
"205";"Fachaltenpfleger/in - Psychiatrie"
"205";"Fachaltenpfleger/in - klinische Geriatrie/Rehabilitation"
"101";"Fachangestellte/r - Arbeitsmarktdienstleistungen"
"101";"Fachangestellte/r - Bäderbetriebe"
"101";"Fachangestellte/r - Markt- und Sozialforschung"
"101";"Fachangestellte/r - Medien- und Informationsdienste - Archiv"
"101";"Fachangestellte/r - Medien- und Informationsdienste - Bibliothek"
"101";"Fachangestellte/r - Medien- und Informationsdienste - Bildagentur"
"101";"Fachangestellte/r - Medien- und Informationsdienste - Information und Dokumentation"
"101";"Fachangestellte/r - Medien- und Informationsdienste - Medizinische Dokumentation"
"404";"Fachanwalt/-anwältin"
"404";"Fachapotheker/in"
"404";"Facharzt/-ärztin - Allgemeinchirurgie"
"404";"Facharzt/-ärztin - Allgemeinmedizin (Hausarzt/-ärztin)"
"404";"Facharzt/-ärztin - Anatomie"
"404";"Facharzt/-ärztin - Anästhesiologie"
"404";"Facharzt/-ärztin - Arbeitsmedizin"
"404";"Facharzt/-ärztin - Augenheilkunde"
"404";"Facharzt/-ärztin - Biochemie"
"404";"Facharzt/-ärztin - Frauenheilkunde und Geburtshilfe"
"404";"Facharzt/-ärztin - Gefäßchirurgie"
"404";"Facharzt/-ärztin - Hals-Nasen-Ohrenheilkunde"
"404";"Facharzt/-ärztin - Haut- und Geschlechtskrankheiten"
"404";"Facharzt/-ärztin - Herzchirurgie"
"404";"Facharzt/-ärztin - Humangenetik"
"404";"Facharzt/-ärztin - Hygiene und Umweltmedizin"
"404";"Facharzt/-ärztin - Innere Medizin"
"404";"Facharzt/-ärztin - Innere Medizin und Angiologie"
"404";"Facharzt/-ärztin - Innere Medizin und Endokrinologie und Diabetologie"
"404";"Facharzt/-ärztin - Innere Medizin und Gastroenterologie"
"404";"Facharzt/-ärztin - Innere Medizin und Hämatologie und Onkologie"
"404";"Facharzt/-ärztin - Innere Medizin und Infektiologie"
"404";"Facharzt/-ärztin - Innere Medizin und Kardiologie"
"404";"Facharzt/-ärztin - Innere Medizin und Nephrologie"
"404";"Facharzt/-ärztin - Innere Medizin und Pneumologie"
"404";"Facharzt/-ärztin - Innere Medizin und Rheumatologie"
"404";"Facharzt/-ärztin - Kinder- und Jugendchirurgie"
"404";"Facharzt/-ärztin - Kinder- und Jugendmedizin"
"404";"Facharzt/-ärztin - Kinder- und Jugendpsychiatrie und -psychotherapie"
"404";"Facharzt/-ärztin - Klinische Pharmakologie"
"404";"Facharzt/-ärztin - Laboratoriumsmedizin"
"404";"Facharzt/-ärztin - Mikrobiologie, Virologie und Infektionsepidemiologie"
"404";"Facharzt/-ärztin - Mund-Kiefer-Gesichtschirurgie"
"404";"Facharzt/-ärztin - Neurochirurgie"
"404";"Facharzt/-ärztin - Neurologie"
"404";"Facharzt/-ärztin - Neuropathologie"
"404";"Facharzt/-ärztin - Nuklearmedizin"
"404";"Facharzt/-ärztin - Orthopädie und Unfallchirurgie"
"404";"Facharzt/-ärztin - Pathologie"
"404";"Facharzt/-ärztin - Pharmakologie und Toxikologie"
"404";"Facharzt/-ärztin - Phoniatrie und Pädaudiologie"
"404";"Facharzt/-ärztin - Physikalische/Rehabilitative Medizin"
"404";"Facharzt/-ärztin - Physiologie"
"404";"Facharzt/-ärztin - Plastische, Rekonstruktive und Ästhetische Chirurgie"
"404";"Facharzt/-ärztin - Psychiatrie und Psychotherapie"
"404";"Facharzt/-ärztin - Psychosomatische Medizin und Psychotherapie"
"404";"Facharzt/-ärztin - Radiologie"
"404";"Facharzt/-ärztin - Radioonkologie und Strahlentherapie"
"404";"Facharzt/-ärztin - Rechtsmedizin"
"404";"Facharzt/-ärztin - Thoraxchirurgie"
"404";"Facharzt/-ärztin - Transfusionsmedizin"
"404";"Facharzt/-ärztin - Urologie"
"404";"Facharzt/-ärztin - Viszeralchirurgie"
"404";"Facharzt/-ärztin - Öffentliches Gesundheitswesen"
"204";"Fachassistent/in Digitalisierung und IT-Prozesse"
"204";"Fachassistent/in Land- und Forstwirtschaft"
"204";"Fachassistent/in Lohn und Gehalt"
"204";"Fachassistent/in Rechnungswesen und Controlling"
"205";"Fachbauleiter/in - Tischlerhandwerk"
"700";"Fachberater/in - Altenhilfe"
"700";"Fachberater/in - Bau- und Heimwerkermärkte"
"700";"Fachberater/in - Farben, Lacke und Kunststoffe"
"204";"Fachberater/in - Finanzdienstleistungen"
"103";"Fachberater/in - Integrierte Systeme (doppelt qualifizierende Ausbildung)"
"103";"Fachberater/in - Softwaretechniken (doppelt qualifizierende Ausbildung)"
"205";"Fachhauswirtschafter/in"
"404";"Fachhumangenetiker/in"
"101";"Fachinformatiker/in - Anwendungsentwicklung"
"101";"Fachinformatiker/in - Daten- und Prozessanalyse"
"101";"Fachinformatiker/in - Digitale Vernetzung"
"101";"Fachinformatiker/in - Systemintegration"
"204";"Fachkaufmann/-frau - Personal"
"205";"Fachkinderkrankenpfleger/in - Hygiene"
"205";"Fachkinderkrankenpfleger/in - Intensivpflege/Anästhesie"
"205";"Fachkinderkrankenpfleger/in - Intermediate Care"
"205";"Fachkinderkrankenpfleger/in - Nephrologie"
"205";"Fachkinderkrankenpfleger/in - Notfallpflege"
"205";"Fachkinderkrankenpfleger/in - Onkologie"
"205";"Fachkinderkrankenpfleger/in - Operations-/Endoskopiedienst"
"205";"Fachkinderkrankenpfleger/in - Palliativ-/Hospizpflege"
"205";"Fachkinderkrankenpfleger/in - Psychiatrie"
"205";"Fachkinderkrankenpfleger/in - Rehabilitation/Langzeitpflege"
"101";"Fachkraft - Agrarservice"
"205";"Fachkraft - Arbeits- und Berufsförderung"
"205";"Fachkraft - Arbeitssicherheit"
"105";"Fachkraft - Beauty und Wellness"
"205";"Fachkraft - Blinden- und Sehbehindertenrehabilitation"
"205";"Fachkraft - Brennereiwesen"
"205";"Fachkraft - Caravantechnik"
"700";"Fachkraft - Demontage"
"204";"Fachkraft - EDV-gestützte Unternehmensführung"
"101";"Fachkraft - Fahrbetrieb"
"101";"Fachkraft - Fruchtsafttechnik"
"205";"Fachkraft - Frühe Hilfen"
"101";"Fachkraft - Gastronomie"
"205";"Fachkraft - Gebäudetechnik"
"101";"Fachkraft - Hafenlogistik"
"101";"Fachkraft - Holz- und Bautenschutzarbeiten"
"102";"Fachkraft - Hygieneüberwachung"
"101";"Fachkraft - Kurier-, Express- und Postdienstleistungen"
"101";"Fachkraft - Küche"
"101";"Fachkraft - Lagerlogistik"
"101";"Fachkraft - Lebensmitteltechnik"
"101";"Fachkraft - Lederherstellung und Gerbereitechnik"
"101";"Fachkraft - Lederverarbeitung"
"205";"Fachkraft - Logistik/Materialwirtschaft"
"205";"Fachkraft - Mechatronik"
"105";"Fachkraft - Medizinprodukteaufbereitung"
"101";"Fachkraft - Metalltechnik - Konstruktionstechnik"
"101";"Fachkraft - Metalltechnik - Montagetechnik"
"101";"Fachkraft - Metalltechnik - Umform- und Drahttechnik"
"101";"Fachkraft - Metalltechnik - Zerspanungstechnik"
"101";"Fachkraft - Möbel-, Küchen- und Umzugsservice"
"205";"Fachkraft - Qualitätssicherung/-management"
"101";"Fachkraft - Schutz und Sicherheit"
"700";"Fachkraft - Sprachförderung"
"101";"Fachkraft - Straßen- und Verkehrstechnik"
"105";"Fachkraft - Textverarbeitung"
"101";"Fachkraft - Veranstaltungstechnik"
"101";"Fachkraft - Wasserwirtschaft"
"205";"Fachkraft - innovative Fahrzeugaufbereitung"
"205";"Fachkraft - landwirtschaftlicher Haushalt"
"205";"Fachkraft Bodenverkehrsdienst im Luftverkehr"
"205";"Fachkrankenpfleger/in - Hygiene"
"205";"Fachkrankenpfleger/in - Intensivpflege/Anästhesie"
"205";"Fachkrankenpfleger/in - Intermediate Care"
"205";"Fachkrankenpfleger/in - Klinische Geriatrie"
"205";"Fachkrankenpfleger/in - Nephrologie"
"205";"Fachkrankenpfleger/in - Notfallpflege"
"205";"Fachkrankenpfleger/in - Onkologie"
"205";"Fachkrankenpfleger/in - Operations-/Endoskopiedienst"
"205";"Fachkrankenpfleger/in - Palliativ- und Hospizpflege"
"205";"Fachkrankenpfleger/in - Psychiatrie"
"205";"Fachkrankenpfleger/in - Rehabilitation/Langzeitpflege"
"101";"Fachlagerist/in"
"700";"Fachlehrer/in - Forstliche Bildungszentren"
"205";"Fachlehrkraft - Förderschulen"
"205";"Fachlehrkraft - berufliche/allgemeinbildende Schulen"
"102";"Fachlehrkraft - musisch-technische Fächer"
"205";"Fachleiter/in - Dach-, Wand- und Abdichtungstechnik"
"700";"Fachleiter/in - allgemeinbildende Schulen"
"204";"Fachmann/-frau - Bürokommunikation"
"205";"Fachmann/-frau - Gebäudebewirtschaftung"
"101";"Fachmann/-frau - Restaurants und Veranstaltungsgastronomie"
"101";"Fachmann/-frau - Systemgastronomie"
"204";"Fachmann/-frau - Versicherungsvermittlung"
"204";"Fachmann/-frau für kaufmännische Betriebsführung (HwO)"
"205";"Fachpflegekraft - Psychiatrie"
"205";"Fachplaner/in - Energie- und Gebäudetechnik"
"104";"Fachpraktiker/in - Näherei, Schneiderei (§66 BBiG/§42r HwO)"
"104";"Fachpraktiker/in Küche (Beikoch) (§66 BBiG/§42r HwO)"
"104";"Fachpraktiker/in für Anlagenmechaniker SHK (§66 BBiG/§42r HwO)"
"104";"Fachpraktiker/in für Buchbinderei (§66 BBiG/§42r HwO)"
"104";"Fachpraktiker/in für Bäcker (§66 BBiG/§42r HwO)"
"104";"Fachpraktiker/in für Büromanagement (§66 BBiG/§42r HwO)"
"104";"Fachpraktiker/in für Bürstenherstellung (§66 BBiG/§42r HwO)"
"104";"Fachpraktiker/in für Dachdecker (§66 BBiG/§42r HwO)"
"104";"Fachpraktiker/in für Dialogmarketing (§66 BBiG/§42r HwO)"
"104";"Fachpraktiker/in für Elektroniker (§66 BBiG/§42r HwO)"
"104";"Fachpraktiker/in für Fahrzeugpflege (§66 BBiG/§42r HwO)"
"104";"Fachpraktiker/in für Fleischer (§66 BBiG/§42r HwO)"
"104";"Fachpraktiker/in für Floristik (§66 BBiG/§42r HwO)"
"104";"Fachpraktiker/in für Friseur (§66 BBiG/§42r HwO)"
"104";"Fachpraktiker/in für Gebäudereiniger (§66 BBiG/§42r HwO)"
"104";"Fachpraktiker/in für Hauswirtschaft und personenorientierte Serviceleistungen (§66 BBiG/§42r HwO)"
"104";"Fachpraktiker/in für Hochbaufacharbeiter (§66 BBiG/§42r HwO)"
"104";"Fachpraktiker/in für Holzverarbeitung (§66 BBiG/§42r HwO)"
"104";"Fachpraktiker/in für IT Systemelektronik (§66 BBiG/§42r HwO)"
"104";"Fachpraktiker/in für IT Systemintegration (§66 BBiG/§42r HwO)"
"104";"Fachpraktiker/in für Industriemechanik (§66 BBiG/§42r HwO)"
"104";"Fachpraktiker/in für Karosserie- und Fahrzeugbaumechanik (§66 BBiG/§42r HwO)"
"104";"Fachpraktiker/in für Kfz-Mechatroniker (§66 BBiG/§42r HwO)"
"104";"Fachpraktiker/in für Konstruktionsmechanik (§66 BBiG/§42r HwO)"
"104";"Fachpraktiker/in für Kreislauf- und Abfallwirtschaft (§66 BBiG/§42r HwO)"
"104";"Fachpraktiker/in für Lagerlogistik (§66 BBiG/§42r HwO)"
"104";"Fachpraktiker/in für Land- und Baumaschinenmechatronik (§66 BBiG/§42r HwO)"
"104";"Fachpraktiker/in für Landwirt (§66 BBiG/§42r HwO)"
"104";"Fachpraktiker/in für Maler und Lackierer (§66 BBiG/§42r HwO)"
"104";"Fachpraktiker/in für Medientechnologie Druck (§66 BBiG/§42r HwO)"
"104";"Fachpraktiker/in für Medientechnologie Druckverarbeitung (§66 BBiG/§42r HwO)"
"104";"Fachpraktiker/in für Metallbau (§66 BBiG/§42r HwO)"
"104";"Fachpraktiker/in für Metalltechnik (§66 BBiG/§42r HwO)"
"104";"Fachpraktiker/in für Möbel-, Küchen- und Umzugsservice (§66BBiG/§42rHwO)"
"104";"Fachpraktiker/in für Orthopädietechnik (§66 BBiG/§42r HwO)"
"104";"Fachpraktiker/in für Pferdewirt (§66 BBiG/§42r HwO)"
"104";"Fachpraktiker/in für Service in sozialen Einrichtungen (§66 BBiG/§42r HwO)"
"104";"Fachpraktiker/in für Technisches Produktdesign (§66 BBiG/§42r HwO)"
"104";"Fachpraktiker/in für Textilreiniger (§66 BBiG/§42r HwO)"
"104";"Fachpraktiker/in für Tiefbaufacharbeiter (§66 BBiG/§42r HwO)"
"104";"Fachpraktiker/in für Tierpflege (Heim und Pension) (§66 BBiG/§42r HwO)"
"104";"Fachpraktiker/in für Winzer (§66 BBiG/§42r HwO)"
"104";"Fachpraktiker/in für Zerspanungsmechanik (§66 BBiG/§42r HwO)"
"104";"Fachpraktiker/in für Zweiradmechatroniker (§66 BBiG/§42r HwO)"
"104";"Fachpraktiker/in für elektronische Geräte und Systeme (§66 BBiG/§42r HwO)"
"104";"Fachpraktiker/in im Ausbaufachwerk (§66 BBiG/§42r HwO)"
"104";"Fachpraktiker/in im Gartenbau (§66 BBiG/§42r HwO)"
"104";"Fachpraktiker/in im Gastgewerbe (§66 BBiG/§42r HwO)"
"104";"Fachpraktiker/in im Gebäudeservice (§66 BBiG/§42r HwO)"
"104";"Fachpraktiker/in im Gesundheitswesen (§66 BBiG/§42r HwO)"
"104";"Fachpraktiker/in im Nahrungsmittelverkauf (§66 BBiG/§42r HwO)"
"104";"Fachpraktiker/in im Verkauf (§66 BBiG/§42r HwO)"
"404";"Fachpsychotherapeut/in - Erwachsene"
"404";"Fachpsychotherapeut/in - Kinder und Jugendliche"
"404";"Fachpsychotherapeut/in - Neuropsychologische Psychotherapie"
"404";"Fachtierarzt/-ärztin"
"600";"Fachunteroffizier/in - Allgemeiner Fachdienst"
"600";"Fachunteroffizier/in - Militärmusikdienst"
"600";"Fachunteroffizier/in - Sanitätsdienst"
"700";"Fachverkäufer/in - Bürobedarf"
"700";"Fachverkäufer/in - Drogeriewaren"
"700";"Fachverkäufer/in - Elektro/Sanitär/Heizung/Installation"
"700";"Fachverkäufer/in - Elektronik"
"700";"Fachverkäufer/in - Fotobedarf"
"700";"Fachverkäufer/in - Geschenkartikel"
"700";"Fachverkäufer/in - Haushaltswaren"
"700";"Fachverkäufer/in - Kfz-Zubehör, Reifen"
"700";"Fachverkäufer/in - Kosmetik und Körperpflege"
"700";"Fachverkäufer/in - Kraftfahrzeuge"
"101";"Fachverkäufer/in - Lebensmittelhandwerk (Bäckerei)"
"101";"Fachverkäufer/in - Lebensmittelhandwerk (Fleischerei)"
"101";"Fachverkäufer/in - Lebensmittelhandwerk (Konditorei)"
"700";"Fachverkäufer/in - Lederwaren"
"700";"Fachverkäufer/in - Medizintechnik und medizinische Einrichtungen"
"700";"Fachverkäufer/in - Nahrungsmittel"
"700";"Fachverkäufer/in - Reform- und Diätwaren"
"700";"Fachverkäufer/in - Sanitätsfachhandel"
"700";"Fachverkäufer/in - Schmuck, Uhren, Gold- und Silberwaren"
"700";"Fachverkäufer/in - Schuhe"
"700";"Fachverkäufer/in - Spielwaren"
"700";"Fachverkäufer/in - Sportartikel"
"700";"Fachverkäufer/in - Textilien, Bekleidung"
"700";"Fachverkäufer/in - Zoobedarf und Heimtierverkauf"
"700";"Fachverkäufer/in - Zweiradhandel"
"104";"Fachwerker/in - Feinwerktechnik (§66 BBiG/§42r HwO)"
"401";"Fachwirt/in - Außenwirtschaft/Bachelor Professional in Foreign Trade"
"204";"Fachwirt/in - Bahnbetrieb"
"204";"Fachwirt/in - Bank"
"204";"Fachwirt/in - Bau"
"204";"Fachwirt/in - Bestattungswesen"
"204";"Fachwirt/in - Büro- und Projektorganisation"
"204";"Fachwirt/in - E-Commerce (Weiterbildung)"
"103";"Fachwirt/in - E-Commerce (doppelt qualifizierende Ausbildung)"
"401";"Fachwirt/in - Einkauf/Bachelor Professional in Procurement"
"401";"Fachwirt/in - Energiewirtschaft/Bachelor Professional in Energiewirtschaft"
"204";"Fachwirt/in - Erziehungswesen"
"204";"Fachwirt/in - Facility-Management"
"204";"Fachwirt/in - Fertigungs- und Prozessmanagement"
"204";"Fachwirt/in - Finanzberatung"
"204";"Fachwirt/in - Fitness"
"204";"Fachwirt/in - Gastgewerbe"
"204";"Fachwirt/in - Gesetzliche Renten- und knappschaftliche Sozialversicherung"
"204";"Fachwirt/in - Gesundheits- und Sozialwesen"
"401";"Fachwirt/in - Güterverkehr und Logistik/Bachelor Professional in Transport Management and Logistics"
"204";"Fachwirt/in - Handel (Weiterbildung)"
"103";"Fachwirt/in - Handel (doppelt qualifizierende Ausbildung)"
"401";"Fachwirt/in - Handwerk/Bachelor Professional für Kaufmännisches Management nach der Handwerksordnung"
"204";"Fachwirt/in - Holzindustrie und Holzhandel"
"204";"Fachwirt/in - Immobilien"
"204";"Fachwirt/in - Industrie"
"204";"Fachwirt/in - Informationsdienste"
"204";"Fachwirt/in - Kosmetik und Wellness"
"204";"Fachwirt/in - Leasing"
"401";"Fachwirt/in - Logistiksysteme/Bachelor Professional in Logistiksysteme"
"401";"Fachwirt/in - Marketing/Bachelor Professional in Marketing"
"401";"Fachwirt/in - Medien/Bachelor Professional in Media"
"204";"Fachwirt/in - Organisation und Führung (Sozialwesen)"
"204";"Fachwirt/in - Personaldienstleistung"
"204";"Fachwirt/in - Personenverkehr und Mobilität"
"204";"Fachwirt/in - Recht"
"204";"Fachwirt/in - Sport"
"204";"Fachwirt/in - Steuer"
"204";"Fachwirt/in - Tanzschulen"
"204";"Fachwirt/in - Tourismus"
"204";"Fachwirt/in - Umweltschutz"
"204";"Fachwirt/in - Veranstaltung"
"204";"Fachwirt/in - Vertrieb im Einzelhandel (Weiterbildung)"
"103";"Fachwirt/in - Vertrieb im Einzelhandel (doppelt qualifizierende Ausbildung)"
"204";"Fachwirt/in - Verwaltung"
"204";"Fachwirt/in - Wirtschaft"
"204";"Fachwirt/in - Zahnärztliches Praxismanagement"
"404";"Fachzahnarzt/-ärztin"
"301";"Facility-Management, Technisches Gebäudemanagement (grundständig)"
"302";"Facility-Management, Technisches Gebäudemanagement (weiterführend)"
"403";"Facility-Manager/in"
"700";"Fahrbahnmarkierer/in"
"700";"Fahrbetriebsregler/in (Straßenverkehr)"
"700";"Fahrer/in - Personenbeförderung"
"205";"Fahrlehrer/in"
"700";"Fahrradkurier/in"
"101";"Fahrradmonteur/in"
"301";"Fahrzeuginformatik, -elektronik (grundständig)"
"302";"Fahrzeuginformatik, -elektronik (weiterführend)"
"101";"Fahrzeuginterieur-Mechaniker/in"
"101";"Fahrzeuglackierer/in"
"700";"Fahrzeugpfleger/in"
"301";"Fahrzeugtechnik (grundständig)"
"302";"Fahrzeugtechnik (weiterführend)"
"700";"Falkner/in"
"700";"Fallmanager/in"
"700";"Familien-/Paartherapeut/in"
"700";"Farb-, Stil- und Imageberater/in"
"101";"Fassadenmonteur/in"
"105";"Fechtlehrer/in"
"700";"Feelgood-Manager/in"
"101";"Feinoptiker/in"
"401";"Feinoptikermeister/in/Bachelor Professional im Feinoptiker-Handwerk"
"101";"Feinpolierer/in"
"101";"Feinwerkmechaniker/in"
"401";"Feinwerkmechanikermeister/in/Bachelor Professional im Feinmechaniker-Handwerk"
"600";"Feldwebel - Allgemeiner Fachdienst"
"600";"Feldwebel - Geoinformationsdienst"
"600";"Feldwebel - Militärmusikdienst"
"600";"Feldwebel - Sanitätsdienst"
"600";"Feldwebel - Truppendienst"
"700";"Fertighausmonteur/in"
"101";"Fertigungsmechaniker/in"
"205";"Fertigungsplaner/in - Tischlerhandwerk"
"101";"Feuerungs- und Schornsteinbauer/in"
"700";"Feuerwehrgerätewart/in"
"101";"Figurenkeramformer/in"
"301";"Figurentheater (grundständig)"
"700";"Filialleiter/in, Verkaufsstellenleiter/in"
"301";"Film-, Fernsehkamera (grundständig)"
"301";"Film-, Fernsehproduktion (grundständig)"
"302";"Film-, Fernsehproduktion (weiterführend)"
"700";"Filmgeschäftsführer/in"
"105";"Filmproduzent/in"
"403";"Filmwissenschaftler/in"
"301";"Finanz- und Rechnungswesen, Controlling (grundständig)"
"302";"Finanz- und Rechnungswesen, Controlling (weiterführend)"
"301";"Finanz-, Wirtschaftsmathematik (grundständig)"
"302";"Finanz-, Wirtschaftsmathematik (weiterführend)"
"103";"Finanzassistent/in (doppelt qualifizierende Ausbildung)"
"204";"Finanzbuchhalter/in"
"700";"Finanzmakler/in"
"403";"Finanzwirt/in"
"403";"Finnougrist/in"
"301";"Finnougristik (grundständig)"
"302";"Finnougristik (weiterführend)"
"700";"Fintech-Entwickler/in"
"301";"Fischereiwesen, Aquakultur (grundständig)"
"302";"Fischereiwesen, Aquakultur (weiterführend)"
"101";"Fischwirt/in - Aquakultur und Binnenfischerei"
"101";"Fischwirt/in - Küstenfischerei und Kleine Hochseefischerei"
"202";"Fischwirtschaftsmeister/in - Fischhaltung und Fischzucht"
"202";"Fischwirtschaftsmeister/in - Kleine Hochsee- und Küstenfischerei"
"202";"Fischwirtschaftsmeister/in - Seen- und Flussfischerei"
"105";"Fitnesstrainer/in"
"101";"Flachglastechnologe/-technologin"
"101";"Flechtwerkgestalter/in"
"101";"Fleischer/in"
"401";"Fleischermeister/in/Bachelor Professional im Fleischer-Handwerk"
"401";"Flexografenmeister/in/Bachelor Professional im Flexografen-Handwerk"
"101";"Fliesen-, Platten- und Mosaikleger/in"
"401";"Fliesen-, Platten- und Mosaiklegermeister/in/Bachelor Professional im Fliesen-, Platten- und Mosaikleger-Handwerk"
"101";"Florist/in"
"202";"Floristmeister/in"
"105";"Flugbegleiter/in"
"700";"Flugbetriebsleiter/in"
"105";"Flugdatenbearbeiter/in"
"105";"Flugdienstberater/in"
"101";"Fluggerätelektroniker/in"
"101";"Fluggerätmechaniker/in - Fertigungstechnik"
"101";"Fluggerätmechaniker/in - Instandhaltungstechnik"
"101";"Fluggerätmechaniker/in - Triebwerkstechnik"
"700";"Flughafenstationsleiter/in"
"105";"Fluglehrer/in"
"105";"Fluglotse/Fluglotsin"
"700";"Flugsicherungstechniker/in"
"700";"Flugzeugreiniger/in"
"700";"Flussmeister/in"
"700";"Fondsmanager/in"
"700";"Food-and-Beverage-Assistant"
"700";"Food-and-Beverage-Manager/in"
"700";"Foodstylist/in"
"700";"Forschungs- und Entwicklungsingenieur/in"
"700";"Forschungsreferent/in"
"205";"Forstmaschinenführer/in"
"700";"Forstverwalter/in / Betriebsleiter/in - Forst"
"101";"Forstwirt/in"
"202";"Forstwirtschaftsmeister/in"
"700";"Forstwirtschaftssachverständige/r"
"301";"Forstwissenschaft, -wirtschaft (grundständig)"
"302";"Forstwissenschaft, -wirtschaft (weiterführend)"
"102";"Foto- und medientechnische/r Assistent/in"
"403";"Fotodesigner/in"
"101";"Fotograf/in"
"401";"Fotografenmeister/in/Bachelor Professional im Fotografen-Handwerk"
"301";"Fotografie (grundständig)"
"302";"Fotografie (weiterführend)"
"101";"Fotomedienfachmann/-frau"
"700";"Fraud-Analyst/in"
"600";"Freiwillig Wehrdienstleistende/r - Laufbahngruppe Mannschaften"
"700";"Fremdenführer/in"
"700";"Fremdfirmenkoordinator/in"
"302";"Fremdsprachendidaktik (weiterführend)"
"102";"Fremdsprachenkorrespondent/in"
"403";"Fremdsprachenlehrer/in"
"302";"Friedens-, Konfliktforschung (weiterführend)"
"700";"Friedhofsarbeiter/in"
"101";"Friseur/in"
"401";"Friseurmeister/in/Bachelor Professional im Friseur-Handwerk"
"700";"Fuger/in, Verfuger/in"
"700";"Fuhrparkleiter/in"
"700";"Fundraiser/in"
"700";"Fundusverwalter/in"
"700";"Funkbediener/in (Taxibetrieb)"
"700";"Funker/in"
"700";"Futtermeister/in"
"105";"Fußballtrainer/in"
"105";"Förderlehrkraft"
"403";"Förster/in (Hochschule)"
"401";"Galvaniseurmeister/in/Bachelor Professional im Galvaniseur-Handwerk"
"700";"Game Artist"
"700";"Game Programmer"
"700";"Game-Producer/in"
"301";"Gamedesign, Interactiondesign (grundständig)"
"302";"Gamedesign, Interactiondesign (weiterführend)"
"403";"Gamedesigner/in"
"105";"Gamedesigner/in (Ausbildung)"
"700";"Garten-/Landschaftsgestalter/in"
"301";"Gartenbau (grundständig)"
"302";"Gartenbau (weiterführend)"
"403";"Gartenbauwissenschaftler/in"
"401";"Gastronom/in/Bachelor Professional in Wirtschaft"
"102";"Gastronomische/r Assistent/in"
"301";"Gebärdensprachdolmetschen (grundständig)"
"302";"Gebärdensprachdolmetschen (weiterführend)"
"403";"Gebärdensprachdolmetscher/in"
"205";"Gebäudeenergieberater/in"
"101";"Gebäudereiniger/in"
"401";"Gebäudereinigermeister/in/Bachelor Professional im Gebäudereiniger-Handwerk"
"301";"Gebäudetechnik, Gebäudeenergietechnik (grundständig)"
"302";"Gebäudetechnik, Gebäudeenergietechnik (weiterführend)"
"700";"Gefahrgutbeauftragte/r"
"101";"Geigenbauer/in"
"401";"Geigenbauermeister/in/Bachelor Professional im Geigenbauer-Handwerk"
"700";"Geldwäschebeauftragte/r"
"700";"Geldzähler/in"
"700";"Gemeindearbeiter/in"
"105";"Gemeindediakon/in"
"205";"Gemeindereferent/in - katholisch"
"205";"Gemmologe/Gemmologin"
"301";"Gender Studies (grundständig)"
"302";"Gender Studies (weiterführend)"
"403";"Genderwissenschaftler/in"
"700";"Genehmigungsplaner/in"
"700";"Generalagent/in (Versicherung)"
"700";"Genesungsbegleiter/in"
"700";"Genetiker/in"
"403";"Geograf/in"
"301";"Geografie (grundständig)"
"302";"Geografie (weiterführend)"
"301";"Geoinformatik (grundständig)"
"302";"Geoinformatik (weiterführend)"
"403";"Geoinformatiker/in"
"403";"Geologe/Geologin"
"101";"Geomatiker/in"
"301";"Geophysik (grundständig)"
"302";"Geophysik (weiterführend)"
"403";"Geophysiker/in"
"301";"Geotechnologie (grundständig)"
"302";"Geotechnologie (weiterführend)"
"301";"Geowissenschaften (grundständig)"
"302";"Geowissenschaften (weiterführend)"
"403";"Geowissenschaftler/in"
"403";"Geoökologe/-ökologin"
"301";"Geoökologie (grundständig)"
"302";"Geoökologie (weiterführend)"
"205";"Geprüfte Schutz- und Sicherheitskraft (IHK)"
"503";"Gerichtsvollzieher/in (gehobener Dienst)"
"502";"Gerichtsvollzieher/in (mittlerer Dienst)"
"403";"Germanist/in"
"301";"Germanistik (grundständig)"
"302";"Germanistik (weiterführend)"
"403";"Gerontologe/Gerontologin"
"301";"Gerontologie (grundständig)"
"302";"Gerontologie (weiterführend)"
"700";"Gerätewart/in"
"205";"Gerüstbau-Kolonnenführer/in"
"101";"Gerüstbauer/in"
"401";"Gerüstbauermeister/in/Bachelor Professional im Gerüstbauer-Handwerk"
"301";"Gesang (grundständig)"
"302";"Gesang (weiterführend)"
"301";"Geschichte (grundständig)"
"302";"Geschichte (weiterführend)"
"700";"Geschäftsführer/in"
"700";"Geschäftsführer/in - Maschinen- und Betriebshilfering"
"700";"Geschäftsstellenleiter/in (Bank)"
"700";"Geschäftsstellenleiter/in (Versicherung)"
"401";"Gestalter/in - Bekleidung, Mode/Bachelor Professional in Gestaltung"
"401";"Gestalter/in - Blumenkunst/Bachelor Professional in Gestaltung"
"401";"Gestalter/in - Edelstein, Schmuck und Gerät/Bachelor Professional in Gestaltung"
"401";"Gestalter/in - Farbtechnik und Raumgestaltung/Bachelor Professional in Gestaltung"
"401";"Gestalter/in - Handwerk/Bachelor Professional in Gestaltung"
"401";"Gestalter/in - Holz/Möbel/Raumgestaltung/Bachelor Professional in Gestaltung"
"401";"Gestalter/in - Keramik/Bachelor Professional in Gestaltung"
"401";"Gestalter/in - Produktdesign/Bachelor Professional in Gestaltung"
"401";"Gestalter/in - Werbe- und Mediengestaltung/Bachelor Professional in Gestaltung"
"101";"Gestalter/in - immersive Medien"
"101";"Gestalter/in - visuelles Marketing"
"205";"Gestaltungsberater/in - Raumausstatterhandwerk"
"102";"Gestaltungstechnische/r Assistent/in"
"102";"Gesundheits- und Krankenpflegehelfer/in"
"403";"Gesundheits- und Rehabilitationspsychologe/-psychologin"
"301";"Gesundheits-, Rehabilitationspsychologie (grundständig)"
"302";"Gesundheits-, Rehabilitationspsychologie (weiterführend)"
"700";"Gesundheitsberater/in"
"403";"Gesundheitsförderer/-förderin, -pädagoge/-pädagogin"
"301";"Gesundheitsförderung, -pädagogik (grundständig)"
"302";"Gesundheitsförderung, -pädagogik (weiterführend)"
"301";"Gesundheitsmanagement, -ökonomie (grundständig)"
"302";"Gesundheitsmanagement, -ökonomie (weiterführend)"
"403";"Gesundheitsmanager/in"
"301";"Gesundheitssport (grundständig)"
"302";"Gesundheitssport (weiterführend)"
"301";"Gesundheitswissenschaft, Public Health (grundständig)"
"302";"Gesundheitswissenschaft, Public Health (weiterführend)"
"403";"Gesundheitswissenschaftler/in - Öffentliches Gesundheitswesen"
"202";"Getränkebetriebsmeister/in"
"401";"Gewandmeister/in/Bachelor Professional in Gestaltung"
"700";"Gewerbekundenberater/in"
"700";"Gewässerschutzbeauftragte/r"
"101";"Gießereimechaniker/in"
"101";"Glas- und Porzellanmaler/in"
"401";"Glas- und Porzellanmalermeister/in/Bachelor Professional im Glas- und Porzellanmaler-Handwerk"
"101";"Glasapparatebauer/in"
"401";"Glasbläser- und Glasapparatebauermeister/in/Bachelor Professional im Glasbläser- und Glasapparatebauer-Handwerk"
"101";"Glasbläser/in - Christbaumschmuck"
"101";"Glasbläser/in - Glasgestaltung"
"101";"Glasbläser/in - Kunstaugen"
"101";"Glaser/in - Fenster- und Glasfassadenbau"
"101";"Glaser/in - Verglasung und Glasbau"
"401";"Glasermeister/in/Bachelor Professional im Glaser-Handwerk"
"700";"Glasfasermonteur/in"
"101";"Glasmacher/in"
"101";"Glasveredler/in - Glasmalerei und Kunstverglasung"
"101";"Glasveredler/in - Kanten- und Flächenveredlung"
"101";"Glasveredler/in - Schliff und Gravur"
"401";"Glasveredlermeister/in/Bachelor Professional im Glasveredler-Handwerk"
"700";"Gleichstellungsbeauftragte/r"
"101";"Gleisbauer/in"
"401";"Gleisbaumeister/in/Bachelor Professional für Gleisbau"
"700";"Global-Sourcing-Manager/in"
"101";"Gold- und Silberschmied/in - Goldschmieden"
"101";"Gold- und Silberschmied/in - Silberschmieden"
"401";"Gold- und Silberschmiedemeister/in/Bachelor Professional im Gold- und Silberschmiede-Handwerk"
"105";"Golflehrer/in"
"700";"Grabungsleiter/in"
"101";"Graveur/in"
"401";"Graveurmeister/in/Bachelor Professional im Graveur-Handwerk"
"700";"Growth-Manager/in"
"700";"Gruppen-, Teamleiter/in"
"700";"Gruppentänzer/in"
"403";"Gräzist/in"
"700";"Gründungsberater/in"
"700";"Guest-Relations-Manager/in"
"102";"Gymnastiklehrer/in"
"101";"Gärtner/in - Baumschule"
"101";"Gärtner/in - Friedhofsgärtnerei"
"101";"Gärtner/in - Garten- und Landschaftsbau"
"101";"Gärtner/in - Gemüsebau"
"101";"Gärtner/in - Obstbau"
"101";"Gärtner/in - Staudengärtnerei"
"101";"Gärtner/in - Zierpflanzenbau"
"202";"Gärtnermeister/in - Baumschule"
"202";"Gärtnermeister/in - Friedhofsgärtnerei"
"202";"Gärtnermeister/in - Garten- und Landschaftsbau"
"202";"Gärtnermeister/in - Gemüsebau"
"202";"Gärtnermeister/in - Obstbau"
"202";"Gärtnermeister/in - Staudengärtnerei"
"202";"Gärtnermeister/in - Zierpflanzenbau"
"700";"Gästebetreuer/in"
"105";"HNO-Audiologieassistent/in"
"205";"Hafenfacharbeiter/in"
"700";"Hafenmeister/in"
"101";"Hafenschiffer/in"
"103";"Handelsassistent/in (doppelt qualifizierende Ausbildung)"
"301";"Handelsbetriebswirtschaft (grundständig)"
"302";"Handelsbetriebswirtschaft (weiterführend)"
"700";"Handelsvertreter/in"
"301";"Handwerksmanagement (grundständig)"
"101";"Handzuginstrumentenmacher/in"
"401";"Handzuginstrumentenmachermeister/in/Bachelor Professional im Handzuginstrumentenmacher-Handwerk"
"102";"Haus- und Familienpfleger/in (Ausbildung)"
"401";"Haus- und Familienpfleger/in/Bachelor Professional in Sozialwesen"
"700";"Hausdame/Housekeeper"
"700";"Hausdamenassistent/in"
"700";"Hausmeister/in"
"205";"Hauswart/in/Haustechniker/in"
"101";"Hauswirtschafter/in"
"401";"Hauswirtschaftliche/r Betriebsleiter/in/Bachelor Professional in Wirtschaft"
"403";"Hebamme"
"301";"Hebammenkunde (grundständig)"
"302";"Hebammenkunde (weiterführend)"
"102";"Heilerziehungspflegeassistent/in"
"102";"Heilerziehungspfleger/in"
"205";"Heileurythmist/in"
"105";"Heilpraktiker/in"
"105";"Heilpraktiker/in - Psychotherapie"
"401";"Heilpädagoge/-pädagogin/Bachelor Professional in Sozialwesen"
"301";"Heilpädagogik (grundständig)"
"302";"Heilpädagogik (weiterführend)"
"700";"Heimerzieher/in"
"700";"Heimleiter/in"
"800";"Helfer/in - Altenpflege/Persönliche Assistenz"
"800";"Helfer/in - Ausbau"
"800";"Helfer/in - Bergbau, Tagebau"
"800";"Helfer/in - Bodenverlegung"
"800";"Helfer/in - Büro, Verwaltung"
"800";"Helfer/in - Chemie- und Pharmatechnik"
"800";"Helfer/in - Druck"
"800";"Helfer/in - Elektro"
"800";"Helfer/in - Fahrzeugbau und -instandhaltung"
"800";"Helfer/in - Farb- und Lacktechnik"
"800";"Helfer/in - Feinmechanik, Werkzeugbau"
"800";"Helfer/in - Fischwirtschaft"
"800";"Helfer/in - Forstwirtschaft"
"800";"Helfer/in - Friseurgewerbe"
"800";"Helfer/in - Gartenbau"
"800";"Helfer/in - Gastgewerbe"
"800";"Helfer/in - Glasherstellung und -verarbeitung"
"800";"Helfer/in - Hauswirtschaft"
"800";"Helfer/in - Hochbau"
"800";"Helfer/in - Holz, Flechtwaren"
"800";"Helfer/in - Hotel"
"800";"Helfer/in - Keramik"
"800";"Helfer/in - Klempnerei, Installation"
"800";"Helfer/in - Kunststoff, Kautschuk"
"800";"Helfer/in - Kurier-, Zustell- und Postdienstleistungen"
"800";"Helfer/in - Küche"
"800";"Helfer/in - Lagerwirtschaft, Transport"
"800";"Helfer/in - Landwirtschaft"
"800";"Helfer/in - Lebensmittelherstellung"
"800";"Helfer/in - Malerei, Lackiererei"
"800";"Helfer/in - Maschinenbau, Betriebstechnik"
"800";"Helfer/in - Metallbau"
"800";"Helfer/in - Metallbearbeitung"
"800";"Helfer/in - Metallerzeugung, Gießerei"
"800";"Helfer/in - Metalloberflächenbearbeitung"
"800";"Helfer/in - Naturstein- und Mineralaufbereitung, Baustoffherstellung"
"800";"Helfer/in - Nutztierhaltung"
"800";"Helfer/in - Papier, Verpackung"
"800";"Helfer/in - Pelz, Leder, Schuhe"
"800";"Helfer/in - Reinigung"
"800";"Helfer/in - Textilherstellung"
"800";"Helfer/in - Textilverarbeitung"
"800";"Helfer/in - Tiefbau"
"800";"Helfer/in - Tierpflege"
"800";"Helfer/in - Ver- und Entsorgung"
"800";"Helfer/in - Veranstaltungsservice"
"800";"Helfer/in - Verkauf"
"800";"Helfer/in - stationäre Krankenpflege"
"205";"Hippotherapeut/in"
"403";"Historiker/in"
"101";"Hochbaufacharbeiter/in - Abbruch- und Betontrenntechnikarbeiten"
"101";"Hochbaufacharbeiter/in - Beton- und Stahlbetonarbeiten"
"101";"Hochbaufacharbeiter/in - Feuerungs- und Schornsteinbauarbeiten"
"101";"Hochbaufacharbeiter/in - Maurerarbeiten"
"101";"Holz- und Bautenschützer/in - Bautenschutz"
"101";"Holz- und Bautenschützer/in - Holzschutz"
"101";"Holzbearbeitungsmechaniker/in"
"101";"Holzbildhauer/in"
"401";"Holzbildhauermeister/in/Bachelor Professional im Holzbildhauer-Handwerk"
"101";"Holzblasinstrumentenmacher/in"
"401";"Holzblasinstrumentenmachermeister/in/Bachelor Professional im Holzblasinstrumentenmacher-Handwerk"
"101";"Holzmechaniker/in - Herstellen von Bauelementen, Holzpackmitteln und Rahmen"
"101";"Holzmechaniker/in - Herstellen von Möbeln und Innenausbauteilen"
"101";"Holzmechaniker/in - Montieren von Innenausbauten und Bauelementen"
"101";"Holzspielzeugmacher/in"
"301";"Holztechnik (grundständig)"
"302";"Holztechnik (weiterführend)"
"403";"Holzwirt/in"
"301";"Holzwirtschaft (grundständig)"
"302";"Holzwirtschaft (weiterführend)"
"700";"Homöopath/in"
"700";"Hostess/Host"
"101";"Hotelfachmann/-frau"
"301";"Hotelmanagement (grundständig)"
"302";"Hotelmanagement (weiterführend)"
"202";"Hotelmeister/in"
"205";"Hufbeschlaglehrschmied/in"
"205";"Hufbeschlagschmied/in"
"700";"Humanbiologe/-biologin"
"301";"Humanitäre Hilfe (grundständig)"
"302";"Humanitäre Hilfe (weiterführend)"
"301";"Humanmedizin (grundständig)"
"302";"Humanmedizin (weiterführend)"
"700";"Hundefriseur/in"
"700";"Hundeführer/in"
"205";"Hydraulik-Fachkraft"
"403";"Hydrologe/Hydrologin"
"105";"Hygienekontrolleur/in"
"101";"Hörakustiker/in"
"401";"Hörakustikermeister/in/Bachelor Professional im Hörakustiker-Handwerk"
"700";"Hörfunk- und Fernsehsprecher/in"
"301";"Hörtechnik, Audiologie (grundständig)"
"302";"Hörtechnik, Audiologie (weiterführend)"
"700";"IT-Compliance-Consultant"
"700";"IT-Dispatcher/in"
"700";"IT-Forensiker/in"
"700";"IT-Lizenzmanager/in"
"301";"IT-Management (grundständig)"
"302";"IT-Management (weiterführend)"
"403";"IT-Manager/in"
"700";"IT-Organisator/in"
"700";"IT-Service-Delivery-Manager/in"
"301";"IT-Sicherheit (grundständig)"
"302";"IT-Sicherheit (weiterführend)"
"403";"IT-Sicherheitskoordinator/in"
"101";"IT-System-Elektroniker/in"
"403";"Idea- und Innovations-Manager/in"
"700";"Identity-/Access-Manager/in"
"700";"Illustrator/in"
"700";"Imam"
"700";"Immissionsschutzbeauftragte/r"
"103";"Immobilienassistent/in (doppelt qualifizierende Ausbildung)"
"101";"Immobilienkaufmann/-frau"
"700";"Immobilienmakler/in"
"205";"Immobiliensachverständige/r"
"301";"Immobilienwirtschaft (grundständig)"
"302";"Immobilienwirtschaft (weiterführend)"
"700";"Inbetriebnahmeingenieur/in"
"700";"Inbetriebnahmetechniker/in - Elektrotechnik"
"700";"Inbetriebnahmetechniker/in - Energietechnik"
"700";"Inbetriebnahmetechniker/in - Fahrzeugtechnik"
"700";"Inbetriebnahmetechniker/in - Maschinenbau"
"403";"Indologe/Indologin"
"301";"Indologie (grundständig)"
"302";"Indologie (weiterführend)"
"403";"Industrie-, Produktdesigner/in"
"101";"Industrie-Isolierer/in"
"301";"Industriebetriebswirtschaft (grundständig)"
"302";"Industriebetriebswirtschaft (weiterführend)"
"101";"Industrieelektriker/in - Betriebstechnik"
"101";"Industrieelektriker/in - Geräte und Systeme"
"104";"Industriefachhelfer/in (§66 BBiG/§42r HwO)"
"101";"Industriekaufmann/-frau"
"101";"Industriekeramiker/in Anlagentechnik"
"101";"Industriekeramiker/in Dekorationstechnik"
"101";"Industriekeramiker/in Modelltechnik"
"101";"Industriekeramiker/in Verfahrenstechnik"
"700";"Industriekletterer/-kletterin"
"101";"Industriemechaniker/in"
"202";"Industriemeister/in - Aufbereitungs- und Verfahrenstechnik"
"202";"Industriemeister/in - Betonsteinindustrie"
"202";"Industriemeister/in - Chemie"
"202";"Industriemeister/in - Elektrotechnik"
"401";"Industriemeister/in - Fahrzeuginterieur-Mechanik/Bachelor Professional für Fahrzeuginterieur-Mechanik"
"401";"Industriemeister/in - Flugzeugbau/Luftfahrttechnik/Bachelor Professional in Luftfahrttechnik"
"202";"Industriemeister/in - Fruchtsaft und Getränke"
"202";"Industriemeister/in - Gießerei"
"202";"Industriemeister/in - Glas"
"202";"Industriemeister/in - Holzbearbeitung"
"202";"Industriemeister/in - Hüttentechnik"
"700";"Industriemeister/in - Instandhaltung und Kundendienst"
"202";"Industriemeister/in - Isolierung"
"202";"Industriemeister/in - Kalk/Zement"
"202";"Industriemeister/in - Keramik"
"202";"Industriemeister/in - Kunststoff und Kautschuk"
"401";"Industriemeister/in - Lack- und Beschichtungstechnik/Bachelor Professional in Lack- und Beschichtungstechnik"
"202";"Industriemeister/in - Lebensmittel"
"202";"Industriemeister/in - Mechatronik"
"202";"Industriemeister/in - Medizintechnik"
"202";"Industriemeister/in - Metall"
"202";"Industriemeister/in - Naturwerkstein"
"401";"Industriemeister/in - Optik/Bachelor Professional in Optics"
"202";"Industriemeister/in - Papier- und Kunststoffverarbeitung"
"202";"Industriemeister/in - Papiererzeugung"
"202";"Industriemeister/in - Pharmazie"
"700";"Industriemeister/in - Planung/Konstruktion"
"202";"Industriemeister/in - Polsterei/Polstermöbel"
"401";"Industriemeister/in - Printmedien/Bachelor Professional in Print"
"700";"Industriemeister/in - Qualitätskontrolle"
"202";"Industriemeister/in - Schuhfertigung"
"202";"Industriemeister/in - Süßwaren"
"202";"Industriemeister/in - Textilwirtschaft"
"202";"Industriemeister/in - allgemein"
"700";"Influencer-Marketing-Manager/in"
"301";"Informatik (grundständig)"
"302";"Informatik (weiterführend)"
"403";"Informatiker/in"
"700";"Information-Architect"
"301";"Informations-, Kommunikationstechnik (grundständig)"
"302";"Informations-, Kommunikationstechnik (weiterführend)"
"700";"Informations-Broker/in"
"101";"Informationselektroniker/in"
"301";"Informationsmanagement (grundständig)"
"302";"Informationsmanagement (weiterführend)"
"403";"Informationsmanager/in"
"700";"Informationssicherheitsbeauftragte/r"
"401";"Informationstechnikermeister/in/Bachelor Professional im Informationstechniker-Handwerk"
"403";"Informationswissenschaftler/in"
"700";"Infotainment-Entwickler/in"
"301";"Infrastrukturmanagement (grundständig)"
"302";"Infrastrukturmanagement (weiterführend)"
"403";"Ingenieur/in - Abfallwirtschaft"
"403";"Ingenieur/in - Agrartechnik"
"403";"Ingenieur/in - Angewandte Mechanik"
"403";"Ingenieur/in - Augenoptik/Optometrie"
"403";"Ingenieur/in - Automatisierungstechnik"
"403";"Ingenieur/in - Batterietechnik"
"403";"Ingenieur/in - Bau"
"403";"Ingenieur/in - Bauphysik"
"403";"Ingenieur/in - Baustoffe"
"403";"Ingenieur/in - Bekleidungstechnik"
"403";"Ingenieur/in - Biomechanik"
"403";"Ingenieur/in - Biotechnologie"
"403";"Ingenieur/in - Brauwesen und Getränketechnologie"
"403";"Ingenieur/in - Chemietechnik"
"403";"Ingenieur/in - Druck- und Medientechnik"
"403";"Ingenieur/in - Elektromobilität"
"403";"Ingenieur/in - Elektrotechnik"
"403";"Ingenieur/in - Energietechnik"
"403";"Ingenieur/in - Erneuerbare Energien"
"403";"Ingenieur/in - Fahrzeugelektronik"
"403";"Ingenieur/in - Fahrzeugtechnik"
"403";"Ingenieur/in - Farben, Lacke"
"403";"Ingenieur/in - Feinwerktechnik"
"403";"Ingenieur/in - Gebäudetechnik/Facility-Management"
"403";"Ingenieur/in - Geotechnik"
"403";"Ingenieur/in - Gießereitechnik"
"403";"Ingenieur/in - Glas, Keramik, Bindemittel"
"403";"Ingenieur/in - Holztechnik"
"403";"Ingenieur/in - Hörtechnik und Audiologie"
"403";"Ingenieur/in - Hüttentechnik"
"403";"Ingenieur/in - Informations-, Kommunikationstechnik"
"403";"Ingenieur/in - Kunststofftechnik"
"403";"Ingenieur/in - Landschaftsbau"
"403";"Ingenieur/in - Lebensmitteltechnologie"
"403";"Ingenieur/in - Luft- und Raumfahrttechnik"
"403";"Ingenieur/in - Maschinenbau"
"403";"Ingenieur/in - Materialwissenschaften"
"403";"Ingenieur/in - Mechatronik"
"403";"Ingenieur/in - Medientechnik/Multimedia"
"403";"Ingenieur/in - Medizintechnik"
"403";"Ingenieur/in - Mikroelektronik"
"403";"Ingenieur/in - Mikrosystemtechnik"
"403";"Ingenieur/in - Nanotechnologie"
"403";"Ingenieur/in - Optoelektronik"
"403";"Ingenieur/in - Orthopädie- und Rehatechnik"
"403";"Ingenieur/in - Papiertechnik"
"403";"Ingenieur/in - Pharmatechnik"
"403";"Ingenieur/in - Physik"
"403";"Ingenieur/in - Rettungswesen"
"403";"Ingenieur/in - Robotik, Autonome Systeme"
"403";"Ingenieur/in - Rohstoffgewinnung und -aufbereitung"
"403";"Ingenieur/in - Schiffbau und Meerestechnik"
"403";"Ingenieur/in - Schiffsbetriebstechnik"
"403";"Ingenieur/in - Sensortechnik"
"403";"Ingenieur/in - Sicherheitstechnik"
"403";"Ingenieur/in - Sport"
"403";"Ingenieur/in - Systems Engineering"
"403";"Ingenieur/in - Technische Kybernetik"
"403";"Ingenieur/in - Technologie der Kosmetika und Waschmittel"
"403";"Ingenieur/in - Textiltechnik"
"403";"Ingenieur/in - Umweltschutz/Umwelttechnik"
"403";"Ingenieur/in - Veranstaltungstechnik"
"403";"Ingenieur/in - Verfahrenstechnik"
"403";"Ingenieur/in - Verkehrswesen"
"403";"Ingenieur/in - Verpackungstechnik"
"403";"Ingenieur/in - Versorgungstechnik"
"403";"Ingenieur/in - Wasserwirtschaft"
"403";"Ingenieur/in - Werkstofftechnik"
"403";"Ingenieur/in - technische Informatik"
"301";"Ingenieurinformatik, Computational Engineering (grundständig)"
"302";"Ingenieurinformatik, Computational Engineering (weiterführend)"
"403";"Ingenieurinformatiker/in"
"403";"Ingenieurpädagoge/-pädagogin"
"301";"Ingenieurpädagogik (grundständig)"
"302";"Ingenieurpädagogik (weiterführend)"
"301";"Ingenieurwissenschaft (grundständig)"
"302";"Ingenieurwissenschaft (weiterführend)"
"700";"Inkassobeauftragte/r (Außendienst)"
"403";"Innenarchitekt/in"
"301";"Innenarchitektur (grundständig)"
"302";"Innenarchitektur (weiterführend)"
"700";"Innendienstleiter/in"
"301";"Innovationsmanagement (grundständig)"
"302";"Innovationsmanagement (weiterführend)"
"700";"Insolvenzsachbearbeiter/in"
"205";"Inspektor/in - Notardienst"
"700";"Inspizient/in"
"401";"Installateur- und Heizungsbauermeister/in/Bachelor Professional im Installateur- und Heizungsbauer-Handwerk"
"700";"Instandhaltungstechniker/in"
"301";"Instrumentalmusik (grundständig)"
"302";"Instrumentalmusik (weiterführend)"
"700";"Integrations-/Inklusionsfachkraft"
"700";"Integrationsmanager/in"
"700";"Intendant/in"
"403";"Interfacedesigner/in"
"301";"Interkulturelle Kommunikation (grundständig)"
"302";"Interkulturelle Kommunikation (weiterführend)"
"301";"Interkulturelle Studien (grundständig)"
"302";"Interkulturelle Studien (weiterführend)"
"403";"Interkulturelle/r Kommunikationsberater/in"
"301";"Internationale Wirtschaft (grundständig)"
"302";"Internationale Wirtschaft (weiterführend)"
"202";"Internationale/r Meister/in"
"301";"Internetbasierte Systeme, E-Services (grundständig)"
"302";"Internetbasierte Systeme, E-Services (weiterführend)"
"403";"Internettechnologe/-technologin"
"700";"Interviewer/in"
"101";"Investmentfondskaufmann/-frau"
"700";"Investor-Relations-Manager/in"
"700";"IoT-Entwickler/in"
"403";"Iranist/in"
"301";"Iranistik (grundständig)"
"302";"Iranistik (weiterführend)"
"301";"Islamwissenschaft (grundständig)"
"302";"Islamwissenschaft (weiterführend)"
"101";"Isolierfacharbeiter/in"
"403";"Japanologe/Japanologin"
"301";"Japanologie (grundständig)"
"302";"Japanologie (weiterführend)"
"301";"Jazz, Popularmusik (grundständig)"
"302";"Jazz, Popularmusik (weiterführend)"
"700";"Jobcoach"
"403";"Journalist/in"
"105";"Journalist/in (Ausbildung)"
"301";"Journalistik (grundständig)"
"302";"Journalistik (weiterführend)"
"403";"Judaist/in"
"105";"Judolehrer/in"
"700";"Jugendberater/in"
"700";"Jugendpfleger/in"
"403";"Jurist/in"
"403";"Jurist/in - öffentliches Recht"
"101";"Justizfachangestellte/r"
"700";"Justiziar/in"
"501";"Justizwachtmeister/in"
"301";"Jüdische Studien, Judaistik (grundständig)"
"302";"Jüdische Studien, Judaistik (weiterführend)"
"403";"KI-Engineer"
"205";"KI-Manager/in"
"700";"KI-Prompter"
"700";"Kabarettist/in"
"700";"Kalkulator/in"
"403";"Kameramann/-frau"
"105";"Kameramann/-frau (Ausbildung)"
"700";"Kampfchoreograf/in"
"205";"Kampfmittelbeseitiger/in"
"101";"Kanalbauer/in - Infrastrukturtechnik"
"700";"Kanalsteurer/-steurerin"
"205";"Kapitän/in"
"205";"Kapitän/in - Große Hochseefischerei"
"205";"Kapitän/in - Kleine Hochseefischerei"
"205";"Kapitän/in - Küstenfischerei"
"700";"Karatelehrer/in"
"700";"Karikaturist/in"
"401";"Karosserie- und Fahrzeugbauermeister/in/Bachelor Professional im Karosserie- und Fahrzeugbauer-Handwerk"
"101";"Karosserie- und Fahrzeugbaumechaniker/in - Caravan- und Reisemobiltechnik"
"101";"Karosserie- und Fahrzeugbaumechaniker/in - Karosserie- und Fahrzeugbautechnik"
"101";"Karosserie- und Fahrzeugbaumechaniker/in - Karosserieinstandhaltungstechnik"
"700";"Kartenkontrolleur/in"
"403";"Kartograf/in (Hochschule)"
"302";"Kartografie (weiterführend)"
"700";"Kassenaufsicht (Handel)"
"700";"Kassierer/in (Eintrittsgelder, Beiträge, Fahrkarten)"
"700";"Kassierer/in (Handel)"
"700";"Katholischer Pfarrer"
"101";"Kaufmann/-frau - Büromanagement"
"101";"Kaufmann/-frau - Dialogmarketing"
"101";"Kaufmann/-frau - Digitalisierungsmanagement"
"101";"Kaufmann/-frau - E-Commerce"
"101";"Kaufmann/-frau - Einzelhandel"
"101";"Kaufmann/-frau - Gesundheitswesen"
"101";"Kaufmann/-frau - Groß- und Außenhandelsmanagement (Außenhandel)"
"101";"Kaufmann/-frau - Groß- und Außenhandelsmanagement (Großhandel)"
"101";"Kaufmann/-frau - Hotelmanagement"
"101";"Kaufmann/-frau - IT-System-Management"
"101";"Kaufmann/-frau - Kurier-, Express- und Postdienstleistungen"
"101";"Kaufmann/-frau - Marketingkommunikation"
"101";"Kaufmann/-frau - Mobilität und Verkehrsservice"
"101";"Kaufmann/-frau - Spedition und Logistikdienstleistung"
"101";"Kaufmann/-frau - Tourismus und Freizeit"
"101";"Kaufmann/-frau - Versicherungen und Finanzanlagen"
"101";"Kaufmann/-frau - audiovisuelle Medien"
"700";"Kaufmännische Fachkraft"
"102";"Kaufmännische/r Assistent/in/Wirtschaftsassistent/in - Betriebsinformatik"
"102";"Kaufmännische/r Assistent/in/Wirtschaftsassistent/in - Betriebswirtschaft"
"102";"Kaufmännische/r Assistent/in/Wirtschaftsassistent/in - Bürowirtschaft"
"102";"Kaufmännische/r Assistent/in/Wirtschaftsassistent/in - E-Business Management"
"102";"Kaufmännische/r Assistent/in/Wirtschaftsassistent/in - Fremdsprachen"
"102";"Kaufmännische/r Assistent/in/Wirtschaftsassistent/in - Informationsverarbeitung"
"102";"Kaufmännische/r Assistent/in/Wirtschaftsassistent/in - Medien"
"403";"Kaukasiologe/Kaukasiologin"
"302";"Kaukasiologie (weiterführend)"
"202";"Kellermeister/in"
"403";"Keltologe/Keltologin"
"301";"Keltologie (grundständig)"
"302";"Keltologie (weiterführend)"
"301";"Keramik-, Glastechnik (grundständig)"
"302";"Keramik-, Glastechnik (weiterführend)"
"101";"Keramiker/in"
"401";"Keramikermeister/in/Bachelor Professional im Keramiker-Handwerk"
"101";"Kerzenhersteller/in und Wachsbildner/in"
"700";"Kesselwärter/in"
"700";"Kieferorthopädische/r Fachhelfer/in"
"404";"Kinder- und Jugendlichenpsychotherapeut/in"
"700";"Kinderbetreuer/in"
"105";"Kinderdorfmutter/-vater"
"700";"Kindergartenhelfer/in"
"700";"Kindergartenleiter/in"
"700";"Kinderpflegehelfer/in"
"403";"Kindheitspädagoge/-pädagogin"
"301";"Kindheitspädagogik (grundständig)"
"302";"Kindheitspädagogik (weiterführend)"
"700";"Kiosk-/Imbissverkäufer/in"
"301";"Kirchenmusik (grundständig)"
"302";"Kirchenmusik (weiterführend)"
"301";"Klassische Philologie - Gräzistik (grundständig)"
"302";"Klassische Philologie - Gräzistik (weiterführend)"
"301";"Klassische Philologie - Latinistik (grundständig)"
"302";"Klassische Philologie - Latinistik (weiterführend)"
"205";"Klauenpfleger/in"
"101";"Klavier- und Cembalobauer/in - Cembalobau"
"101";"Klavier- und Cembalobauer/in - Klavierbau"
"401";"Klavier- und Cembalobauermeister/in/Bachelor Professional im Klavier- und Cembalobauer-Handwerk"
"700";"Klavierstimmer/in"
"700";"Klebefachkraft"
"700";"Klebfachingenieur/in"
"101";"Klempner/in"
"401";"Klempnermeister/in/Bachelor Professional im Klempner-Handwerk"
"700";"Klimaschutzmanager/in"
"301";"Klinische Forschung, Arzneimittelerprobung, -zulassung (grundständig)"
"302";"Klinische Forschung, Arzneimittelerprobung, -zulassung (weiterführend)"
"700";"Klinische Kodierfachkraft"
"302";"Klinische Psychologie (weiterführend)"
"404";"Klinische/r Chemiker/in"
"403";"Klinische/r Linguist/in"
"403";"Klinische/r Psychologe/Psychologin"
"101";"Koch/Köchin"
"301";"Kognitionswissenschaft (grundständig)"
"302";"Kognitionswissenschaft (weiterführend)"
"403";"Kognitionswissenschaftler/in"
"700";"Komiker/in"
"105";"Kommunikationsassistent/in"
"301";"Kommunikationsdesign, visuelle Kommunikation (grundständig)"
"302";"Kommunikationsdesign, visuelle Kommunikation (weiterführend)"
"403";"Kommunikationsdesigner/in"
"403";"Kommunikationspsychologe/-psychologin"
"301";"Kommunikationspsychologie (grundständig)"
"302";"Kommunikationspsychologie (weiterführend)"
"301";"Kommunikationswissenschaft (grundständig)"
"302";"Kommunikationswissenschaft (weiterführend)"
"403";"Kommunikationswissenschaftler/in"
"700";"Komparse/Komparsin"
"301";"Komplementärmedizin (grundständig)"
"302";"Komplementärmedizin (weiterführend)"
"403";"Komponist/in"
"301";"Komposition (grundständig)"
"302";"Komposition (weiterführend)"
"101";"Konditor/in"
"401";"Konditormeister/in/Bachelor Professional im Konditor-Handwerk"
"700";"Konfigurationsmanager/in"
"700";"Konjunkturforscher/in"
"403";"Konservator/in"
"301";"Konservierung (grundständig)"
"302";"Konservierung (weiterführend)"
"700";"Konsortialreferent/in"
"205";"Konstrukteur/in"
"403";"Konstruktionsingenieur/in"
"101";"Konstruktionsmechaniker/in"
"301";"Konstruktionstechnik (grundständig)"
"302";"Konstruktionstechnik (weiterführend)"
"700";"Konstruktionstechniker/in"
"700";"Konstruktionszeichner/in"
"700";"Kontakter/in"
"700";"Kontokorrentbuchhalter/in"
"700";"Kontrolleur/in - Feuerlöscher"
"401";"Korb- und Flechtwerkgestaltermeister/in/Bachelor Professional im Korb- und Flechtwerkgestalter-Handwerk"
"403";"Koreanist/in"
"301";"Koreanistik (grundständig)"
"302";"Koreanistik (weiterführend)"
"700";"Korrektor/in"
"301";"Korrepetition, Liedgestaltung (grundständig)"
"302";"Korrepetition, Liedgestaltung (weiterführend)"
"403";"Korrepetitor/in"
"101";"Kosmetiker/in (duale Ausbildung)"
"102";"Kosmetiker/in (schulische Ausbildung)"
"401";"Kosmetikermeister/in/Bachelor Professional im Kosmetiker-Handwerk"
"403";"Kosmetologe/Kosmetologin"
"700";"Kostenrechner/in"
"301";"Kostümbild (grundständig)"
"302";"Kostümbild (weiterführend)"
"700";"Kostümbild-Assistent/in"
"403";"Kostümbildner/in"
"101";"Kraftfahrzeugmechatroniker/in - Karosserietechnik"
"101";"Kraftfahrzeugmechatroniker/in - Motorradtechnik"
"101";"Kraftfahrzeugmechatroniker/in - Nutzfahrzeugtechnik"
"101";"Kraftfahrzeugmechatroniker/in - Personenkraftwagentechnik"
"101";"Kraftfahrzeugmechatroniker/in - System- und Hochvolttechnik"
"700";"Kraftfahrzeugsachverständige/r"
"401";"Kraftfahrzeugtechnikermeister/in/Bachelor Professional im Kraftfahrzeugtechniker-Handwerk"
"205";"Kraftwerker/in"
"202";"Kraftwerksmeister/in - Produktion"
"202";"Kraftwerksmeister/in - Produktion Elektrotechnik/Leittechnik"
"202";"Kraftwerksmeister/in - Strahlenschutz"
"202";"Kraftwerksmeister/in - Thermische Abfallbehandlung (TAB)"
"700";"Kranführer/in"
"700";"Krankenhausmanager/in"
"700";"Krankenversicherungsfachmann/-frau"
"700";"Kranmonteur/in"
"700";"Kreativitätspädagoge/-pädagogin"
"700";"Kreditmanager/in"
"700";"Kreditsachbearbeiter/in"
"403";"Kriminologe/Kriminologin"
"302";"Kriminologie (weiterführend)"
"301";"Kulturmanagement (grundständig)"
"302";"Kulturmanagement (weiterführend)"
"403";"Kulturmanager/in"
"105";"Kulturmanager/in (Ausbildung)"
"403";"Kulturpädagoge/-pädagogin"
"301";"Kulturpädagogik (grundständig)"
"302";"Kulturpädagogik (weiterführend)"
"403";"Kulturwissenschaftler/in"
"700";"Kundenberater/in (Bank, Sparkasse)"
"205";"Kundenberater/in - Gartenbau"
"205";"Kundenberater/in - Tischlerhandwerk"
"700";"Kundendienstberater/in"
"700";"Kundendienstmonteur/in, -techniker/in"
"700";"Kunst-, Antiquitätenhändler/in"
"301";"Kunstgeschichte (grundständig)"
"302";"Kunstgeschichte (weiterführend)"
"403";"Kunsthistoriker/in"
"105";"Kunstmaler/in"
"403";"Kunstpädagoge/-pädagogin"
"301";"Kunstpädagogik (grundständig)"
"302";"Kunstpädagogik (weiterführend)"
"700";"Kunstsachverständige/r"
"101";"Kunststoff- und Kautschuktechnologe/-technologin - Bauteile"
"101";"Kunststoff- und Kautschuktechnologe/-technologin - Compound- und Masterbatchherstellung"
"101";"Kunststoff- und Kautschuktechnologe/-technologin - Faserverbundtechnologie"
"101";"Kunststoff- und Kautschuktechnologe/-technologin - Formteile"
"101";"Kunststoff- und Kautschuktechnologe/-technologin - Halbzeuge"
"101";"Kunststoff- und Kautschuktechnologe/-technologin - Kunststofffenster"
"101";"Kunststoff- und Kautschuktechnologe/-technologin - Mehrschichtkautschukteile"
"301";"Kunststofftechnik (grundständig)"
"302";"Kunststofftechnik (weiterführend)"
"403";"Kunsttherapeut/in"
"105";"Kunsttherapeut/in (Ausbildung)"
"301";"Kunsttherapie (grundständig)"
"302";"Kunsttherapie (weiterführend)"
"301";"Kunstwissenschaft (grundständig)"
"302";"Kunstwissenschaft (weiterführend)"
"403";"Kunstwissenschaftler/in"
"700";"Kurator/in"
"700";"Kutscher/in"
"301";"Kybernetik (grundständig)"
"302";"Kybernetik (weiterführend)"
"401";"Kälteanlagenbauermeister/in/Bachelor Professional im Kälteanlagenbauer-Handwerk"
"700";"Küchenchef/in"
"202";"Küchenmeister/in"
"700";"Küchenplaner/in"
"700";"Künstlerische/r Betriebsdirektor/in"
"700";"Künstlervermittler/in (nicht bei der Agentur für Arbeit)"
"301";"Künstliche Intelligenz (grundständig)"
"302";"Künstliche Intelligenz (weiterführend)"
"101";"Kürschner/in"
"401";"Kürschnermeister/in/Bachelor Professional im Kürschner-Handwerk"
"700";"Küster/in"
"700";"Laborleiter/in"
"101";"Lacklaborant/in"
"700";"Lager- und Transportarbeiter/in"
"101";"Land- und Baumaschinenmechatroniker/in"
"401";"Land- und Baumaschinenmechatronikermeister/in/Bachelor Professional im Land- und Baumaschinenmechatroniker-Handwerk"
"700";"Landmaschinenführer/in"
"403";"Landschaftsarchitekt/in"
"301";"Landschaftsarchitektur, Freiraumplanung (grundständig)"
"302";"Landschaftsarchitektur, Freiraumplanung (weiterführend)"
"301";"Landschaftsbau (grundständig)"
"302";"Landschaftsbau (weiterführend)"
"403";"Landschaftsökologe/-ökologin"
"301";"Landschaftsökologie, Naturschutz (grundständig)"
"302";"Landschaftsökologie, Naturschutz (weiterführend)"
"101";"Landwirt/in"
"202";"Landwirtschaftliche/r Brennmeister/in"
"700";"Landwirtschaftliche/r Sachverständige/r"
"700";"Landwirtschaftsberater/in"
"700";"Landwirtschaftslehrer/in"
"202";"Landwirtschaftsmeister/in"
"205";"Laserstrahlfachkraft"
"403";"Latinist/in"
"700";"Lean-Manager/in"
"700";"Leasing-Berater/in"
"301";"Lebensmittelchemie (Staatsexamen)"
"301";"Lebensmittelchemie (grundständig außer Staatsexamen)"
"302";"Lebensmittelchemie (weiterführend)"
"403";"Lebensmittelchemiker/in"
"205";"Lebensmittelkontrolleur/in (Weiterbildung)"
"700";"Lebensmittelsachverständige/r"
"102";"Lebensmitteltechnische/r Assistent/in"
"301";"Lebensmitteltechnologie (grundständig)"
"302";"Lebensmitteltechnologie (weiterführend)"
"700";"Leckageorter/in"
"301";"Lehramt an Förderschulen/für Sonderpädagogik (Staatsexamen)"
"301";"Lehramt an Förderschulen/für Sonderpädagogik (grundständig außer Staatsexamen)"
"302";"Lehramt an Förderschulen/für Sonderpädagogik (weiterführend)"
"301";"Lehramt an Grundschulen (Staatsexamen)"
"301";"Lehramt an Grundschulen (grundständig außer Staatsexamen)"
"302";"Lehramt an Grundschulen (weiterführend)"
"301";"Lehramt an Gymnasien (Staatsexamen)"
"301";"Lehramt an Gymnasien (grundständig außer Staatsexamen)"
"302";"Lehramt an Gymnasien (weiterführend)"
"301";"Lehramt an berufsbildenden/beruflichen Schulen/Berufskollegs (Staatsexamen)"
"301";"Lehramt an berufsbildenden/beruflichen Schulen/Berufskollegs (grundständig außer Staatsexamen)"
"302";"Lehramt an berufsbildenden/beruflichen Schulen/Berufskollegs (weiterführend)"
"301";"Lehramt für Schularten der Sekundarstufe I (Staatsexamen)"
"301";"Lehramt für Schularten der Sekundarstufe I (grundständig außer Staatsexamen)"
"302";"Lehramt für Schularten der Sekundarstufe I (weiterführend)"
"700";"Lehrbeauftragte/r - Studienseminar"
"105";"Lehrer/in - Alexander-Technik"
"700";"Lehrer/in - Begabtenförderung"
"403";"Lehrer/in - Deutsch als Fremdsprache"
"700";"Lehrer/in - Fachschulen der Seefahrt"
"403";"Lehrer/in - Förderschulen"
"403";"Lehrer/in - Grundschulen"
"403";"Lehrer/in - Gymnasien"
"403";"Lehrer/in - Schularten der Sekundarstufe I"
"700";"Lehrer/in - Schule für Arbeitserziehung"
"700";"Lehrer/in - Stützunterricht"
"403";"Lehrer/in - Waldorfschulen"
"105";"Lehrer/in - Waldorfschulen (Ausbildung)"
"403";"Lehrer/in - berufliche Schulen"
"700";"Lehrer/in/Dozent/in - Erwachsenenbildung"
"205";"Lehrkraft - Schulen im Gesundheitswesen"
"101";"Leichtflugzeugbauer/in"
"700";"Leitende/r Haustechniker/in"
"700";"Leiter/in - Altenpflegeeinrichtung"
"700";"Leiter/in - Arbeitsvorbereitung"
"700";"Leiter/in - Bauhof"
"700";"Leiter/in - Beherbergungsbetrieb"
"700";"Leiter/in - Betriebliche Instandhaltung"
"700";"Leiter/in - Biogasanlagen"
"700";"Leiter/in - Controlling"
"700";"Leiter/in - Einkauf"
"700";"Leiter/in - Export"
"700";"Leiter/in - Finanz- und Rechnungswesen"
"700";"Leiter/in - Forschung und Entwicklung"
"700";"Leiter/in - Forschungsgruppe"
"700";"Leiter/in - Gastronomiebetrieb"
"700";"Leiter/in - IT"
"700";"Leiter/in - Kostenrechnung"
"700";"Leiter/in - Kundendienst (kaufmännisch)"
"700";"Leiter/in - Kundendienst (technisch)"
"700";"Leiter/in - Lagerwirtschaft"
"700";"Leiter/in - Logistik"
"700";"Leiter/in - Marketing"
"205";"Leiter/in - Maschinenanlagen"
"700";"Leiter/in - Materialwirtschaft"
"700";"Leiter/in - Museum"
"700";"Leiter/in - Personal"
"700";"Leiter/in - Pflegeschule"
"700";"Leiter/in - Produktion/Fertigung"
"700";"Leiter/in - Qualitätsmanagement"
"700";"Leiter/in - Qualitätssicherung"
"700";"Leiter/in - Rechtsabteilung"
"700";"Leiter/in - Rettungsdienst"
"700";"Leiter/in - Revision"
"700";"Leiter/in - Schullandheim"
"700";"Leiter/in - Softwareentwicklung"
"700";"Leiter/in - Studienseminar"
"700";"Leiter/in - Touristinformation"
"700";"Leiter/in - Vertrieb"
"700";"Leiter/in - Waldorflehrerseminar"
"700";"Leiter/in - Werkstätten für Menschen mit Behinderungen"
"700";"Leiter/in - betriebliche Aus- und Weiterbildung"
"700";"Leiter/in des Künstlerischen Betriebsbüros"
"101";"Leitungsbauer/in - Infrastrukturtechnik"
"700";"Lektor/in - Verlage"
"403";"Lerntherapeut/in"
"205";"Lerntherapeut/in (Weiterbildung)"
"301";"Lerntherapie (grundständig)"
"302";"Lerntherapie (weiterführend)"
"101";"Leuchtröhrenglasbläser/in"
"301";"Liberal Arts (grundständig)"
"700";"Lichtplaner/in"
"700";"Liedermacher/in"
"700";"Literaturagent/in"
"403";"Literaturwissenschaftler/in"
"700";"Location-Coordinator"
"301";"Logistik, Supply-Chain-Management (grundständig)"
"302";"Logistik, Supply-Chain-Management (weiterführend)"
"202";"Logistikmeister/in"
"102";"Logopäde/Logopädin (Ausbildung)"
"301";"Logopädie, Sprachtherapie (grundständig)"
"302";"Logopädie, Sprachtherapie (weiterführend)"
"205";"Logotherapeut/in"
"700";"Lohn- und Gehaltsbuchhalter/in"
"205";"Lotse/Lotsin"
"301";"Luft-, Raumfahrttechnik (grundständig)"
"302";"Luft-, Raumfahrttechnik (weiterführend)"
"101";"Luftverkehrskaufmann/-frau"
"301";"Luftverkehrsmanagement (grundständig)"
"302";"Luftverkehrsmanagement (weiterführend)"
"403";"Luftverkehrsmanager/in"
"700";"Lymphdrainage- und Ödemtherapeut/in"
"700";"Löter/in"
"700";"Machine Learning Engineer"
"700";"Makler/in (Handel)"
"401";"Maler- und Lackierermeister/in/Bachelor Professional im Maler- und Lackierer-Handwerk"
"101";"Maler/in und Lackierer/in - Ausbautechnik und Oberflächengestaltung"
"101";"Maler/in und Lackierer/in - Bauten- und Korrosionsschutz"
"101";"Maler/in und Lackierer/in - Energieeffizienz- und Gestaltungstechnik"
"101";"Maler/in und Lackierer/in - Gestaltung und Instandhaltung"
"101";"Maler/in und Lackierer/in - Kirchenmalerei und Denkmalpflege"
"205";"Maler/in und Lackierer/in - Restaurierungsarbeiten"
"103";"Managementassistent/in (doppelt qualifizierende Ausbildung)"
"102";"Managementassistent/in (schulische Ausbildung)"
"700";"Manager/in - Nachhaltige Mobilität"
"700";"Manager/in - Wasserstofftechnologie"
"101";"Manufakturporzellanmaler/in"
"301";"Marketing, Vertrieb (grundständig)"
"302";"Marketing, Vertrieb (weiterführend)"
"301";"Markt-, Kommunikationsforschung (grundständig)"
"302";"Markt-, Kommunikationsforschung (weiterführend)"
"403";"Marktforscher/in"
"101";"Maschinen- und Anlagenführer/in - Druckweiter- und Papierverarbeitung"
"101";"Maschinen- und Anlagenführer/in - Lebensmitteltechnik"
"101";"Maschinen- und Anlagenführer/in - Metall-, Kunststofftechnik"
"101";"Maschinen- und Anlagenführer/in - Textiltechnik"
"101";"Maschinen- und Anlagenführer/in - Textilveredelung"
"700";"Maschinen- und Anlagensicherheitssachverständige/r"
"700";"Maschinen-, Anlagen- und Behälterreiniger/in"
"301";"Maschinenbau (grundständig)"
"302";"Maschinenbau (weiterführend)"
"700";"Maschineneinrichter/in (allgemein)"
"301";"Maskenbild (grundständig)"
"302";"Maskenbild (weiterführend)"
"101";"Maskenbildner/in"
"403";"Maskenbildner/in (Hochschule)"
"102";"Masseur/in und medizinische/r Bademeister/in"
"402";"Master Professional - Elektromobilität und nachhaltige Energiesysteme"
"403";"Master of Business Administration"
"301";"Materialwissenschaft (grundständig)"
"302";"Materialwissenschaft (weiterführend)"
"301";"Mathematik (grundständig)"
"302";"Mathematik (weiterführend)"
"403";"Mathematiker/in"
"102";"Mathematisch-technische/r Assistent/in"
"101";"Mathematisch-technische/r Softwareentwickler/in"
"401";"Maurer- und Betonbauermeister/in/Bachelor Professional im Maurer- und Betonbauer-Handwerk"
"101";"Maurer/in"
"205";"Maurer/in - Restaurierungsarbeiten"
"101";"Maßschneider/in"
"401";"Maßschneidermeister/in/Bachelor Professional im Maßschneider-Handwerk"
"101";"Maßschuhmacher/in - Maßschuhe"
"101";"Maßschuhmacher/in - Schaftbau"
"301";"Mechanik (grundständig)"
"302";"Mechanik (weiterführend)"
"101";"Mechaniker/in - Reifen- und Vulkanisationstechnik - Reifen- und Fahrwerktechnik"
"101";"Mechaniker/in - Reifen- und Vulkanisationstechnik - Vulkanisationstechnik"
"401";"Mechanikermeister/in für Reifen- und Vulkanisationstechnik/Bachelor Professional im Mechaniker-Handwerk für Reifen- und Vulkanisationstechnik"
"301";"Mechatronik (grundständig)"
"302";"Mechatronik (weiterführend)"
"101";"Mechatroniker/in"
"101";"Mechatroniker/in - Kältetechnik"
"700";"Media-Fachkraft"
"700";"Mediaplaner/in"
"205";"Mediator/in"
"700";"Medical Advisor"
"700";"Medical Writer"
"301";"Medien-, Multimediatechnik (grundständig)"
"302";"Medien-, Multimediatechnik (weiterführend)"
"700";"Medienberater/in - Audiovisuelle Medien"
"301";"Mediendesign, -kunst (grundständig)"
"302";"Mediendesign, -kunst (weiterführend)"
"403";"Mediendesigner/in"
"101";"Mediengestalter/in - Bild und Ton"
"101";"Mediengestalter/in Digital und Print - Designkonzeption"
"101";"Mediengestalter/in Digital und Print - Digitalmedien"
"101";"Mediengestalter/in Digital und Print - Printmedien"
"101";"Mediengestalter/in Digital und Print - Projektmanagement"
"301";"Medieninformatik (grundständig)"
"302";"Medieninformatik (weiterführend)"
"403";"Medieninformatiker/in"
"101";"Medienkaufmann/-frau Digital und Print"
"403";"Medienmanager/in"
"301";"Medienproduktion (grundständig)"
"302";"Medienproduktion (weiterführend)"
"403";"Medienpädagoge/-pädagogin"
"301";"Medienpädagogik (grundständig)"
"302";"Medienpädagogik (weiterführend)"
"101";"Medientechnologe/-technologin Druck"
"101";"Medientechnologe/-technologin Druckverarbeitung"
"101";"Medientechnologe/-technologin Siebdruck"
"301";"Medienwirtschaft, -management (grundständig)"
"302";"Medienwirtschaft, -management (weiterführend)"
"301";"Medienwissenschaft (grundständig)"
"302";"Medienwissenschaft (weiterführend)"
"403";"Medienwissenschaftler/in"
"301";"Medizin-, Pflegepädagogik (grundständig)"
"302";"Medizin-, Pflegepädagogik (weiterführend)"
"403";"Medizininformatiker/in"
"301";"Medizinische Assistenz (grundständig)"
"302";"Medizinische Assistenz (weiterführend)"
"301";"Medizinische Informatik (grundständig)"
"302";"Medizinische Informatik (weiterführend)"
"301";"Medizinische Physik (grundständig)"
"302";"Medizinische Physik (weiterführend)"
"301";"Medizinische Technik (grundständig)"
"302";"Medizinische Technik (weiterführend)"
"102";"Medizinische/r Dokumentationsassistent/in"
"101";"Medizinische/r Fachangestellte/r"
"102";"Medizinische/r Sektions- und Präparationsassistent/in"
"102";"Medizinische/r Technologe/Technologin - Funktionsdiagnostik"
"102";"Medizinische/r Technologe/Technologin - Laboratoriumsanalytik"
"102";"Medizinische/r Technologe/Technologin - Radiologie"
"102";"Medizinische/r Technologe/Technologin - Veterinärmedizin"
"403";"Medizinphysiker/in"
"700";"Medizinprodukteberater/in"
"403";"Mediävist/in"
"301";"Mediävistik (grundständig)"
"302";"Mediävistik (weiterführend)"
"403";"Meeresbiologe/-biologin"
"302";"Meeresbiologie (weiterführend)"
"700";"Meinungsforscher/in"
"202";"Meister/in - Ausbau und Trockenbau"
"401";"Meister/in - Bahnverkehr/Bachelor Professional für Bahnverkehr"
"202";"Meister/in - Bäderbetriebe"
"202";"Meister/in - Hauswirtschaft"
"202";"Meister/in - Holz- und Bautenschutzgewerbe"
"202";"Meister/in - Kraftverkehr"
"202";"Meister/in - Kreislauf- und Abfallwirtschaft und Städtereinigung"
"202";"Meister/in - Leit- und Sicherungstechnik (Eisenbahn)"
"401";"Meister/in - Medienproduktion Bild und Ton/Bachelor Professional in Medienproduktion Bild und Ton"
"202";"Meister/in - Möbel-, Küchen- und Umzugsservice"
"202";"Meister/in - Rohr-, Kanal- und Industrieservice"
"202";"Meister/in - Schutz und Sicherheit"
"401";"Meister/in - Veranstaltungstechnik/Bachelor Professional für Veranstaltungstechnik"
"401";"Meister/in - vernetzte Industrie/Bachelor Professional in Smart Industry"
"700";"Melker/in"
"301";"Mensch-Maschine-Interaktion, Interfacedesign (grundständig)"
"302";"Mensch-Maschine-Interaktion, Interfacedesign (weiterführend)"
"700";"Mentalmagier/in"
"700";"Merchandiser/in"
"700";"Mergers-and-Acquisitions-Specialist"
"700";"Messebauer/in"
"700";"Messingenieur/in"
"101";"Metall- und Glockengießer/in - Kunst- und Glockengusstechnik"
"101";"Metall- und Glockengießer/in - Metallgusstechnik"
"101";"Metall- und Glockengießer/in - Zinngusstechnik"
"401";"Metall- und Glockengießermeister/in/Bachelor Professional im Metall- und Glockengießer-Handwerk"
"101";"Metallbauer/in - Konstruktionstechnik"
"101";"Metallbauer/in - Metallgestaltung"
"101";"Metallbauer/in - Nutzfahrzeugbau"
"401";"Metallbauermeister/in/Bachelor Professional im Metallbauer-Handwerk"
"700";"Metallbearbeiter/in"
"101";"Metallbildner/in - Gürtlertechnik"
"101";"Metallbildner/in - Metalldrücktechnik"
"101";"Metallbildner/in - Ziseliertechnik"
"401";"Metallbildnermeister/in/Bachelor Professional im Metallbildner-Handwerk"
"101";"Metallblasinstrumentenmacher/in"
"401";"Metallblasinstrumentenmachermeister/in/Bachelor Professional im Metallblasinstrumentenmacher-Handwerk"
"301";"Metallurgie, Hüttenwesen (grundständig)"
"302";"Metallurgie, Hüttenwesen (weiterführend)"
"403";"Meteorologe/Meteorologin"
"301";"Meteorologie (grundständig)"
"302";"Meteorologie (weiterführend)"
"403";"Mikrobiologe/-biologin"
"302";"Mikrobiologie (weiterführend)"
"302";"Mikroelektronik (weiterführend)"
"301";"Mikrotechnik, Mikrosystemtechnik (grundständig)"
"302";"Mikrotechnik, Mikrosystemtechnik (weiterführend)"
"101";"Mikrotechnologe/-technologin"
"101";"Milchtechnologe/-technologin"
"101";"Milchwirtschaftliche/r Laborant/in"
"401";"Milchwirtschaftliche/r Labormeister/in/Bachelor Professional im milchwirtschaftlichen Laborwesen"
"403";"Mineraloge/Mineralogin"
"205";"Missionar/in"
"700";"Mitarbeiter/in - Entwicklungszusammenarbeit"
"700";"Mitarbeiter/in - Kurverwaltung"
"700";"Mitarbeiter/in im Künstlerischen Betriebsbüro"
"700";"Mobile Developer"
"301";"Modedesign (grundständig)"
"302";"Modedesign (weiterführend)"
"403";"Modedesigner/in"
"700";"Model"
"401";"Modellbauermeister/in/Bachelor Professional im Modellbauer-Handwerk"
"105";"Moderator/in (Funk, Fernsehen)"
"101";"Modist/in"
"401";"Modistenmeister/in/Bachelor Professional im Modisten-Handwerk"
"403";"Molekularbiologe/-biologin"
"403";"Molekularmediziner/in"
"301";"Molekularwissenschaft (grundständig)"
"302";"Molekularwissenschaft (weiterführend)"
"401";"Molkereimeister/in/Bachelor Professional in Milchtechnologie"
"700";"Montageleiter/in (Bau)"
"700";"Montagemechaniker/in, Anlagenmonteur/in"
"700";"Montierer/in"
"403";"Motologe/Motologin"
"302";"Motologie (weiterführend)"
"205";"Motopäde/Motopädin"
"700";"Motorenmechaniker/in"
"700";"Multimediafachmann/-frau"
"403";"Museologe/Museologin"
"301";"Museologie (grundständig)"
"302";"Museologie (weiterführend)"
"700";"Museumsaufseher/in"
"700";"Museumspädagoge/-pädagogin"
"403";"Musical-Darsteller/in"
"403";"Musiker/in - Alte Musik"
"700";"Musiker/in - Country/Western"
"403";"Musiker/in - Instrumentalmusik"
"700";"Musiker/in - Internationale Folklore"
"403";"Musiker/in - Kirchenmusik"
"102";"Musiker/in - Kirchenmusik (Ausbildung)"
"403";"Musiker/in - Pop/Rock/Jazz"
"105";"Musiker/in - Pop/Rock/Jazz (Ausbildung)"
"700";"Musiker/in - Tanz-/Unterhaltungsmusik"
"700";"Musiker/in - Volkstümliche Musik"
"101";"Musikfachhändler/in"
"301";"Musikinstrumentenbau (grundständig)"
"302";"Musikinstrumentenbau (weiterführend)"
"403";"Musikinstrumentenbauer/in (Hochschule)"
"700";"Musikmanager/in"
"403";"Musikpädagoge/-pädagogin"
"301";"Musikpädagogik (grundständig)"
"302";"Musikpädagogik (weiterführend)"
"700";"Musikredakteur/in"
"301";"Musiktheater, Musical (grundständig)"
"302";"Musiktheater, Musical (weiterführend)"
"403";"Musiktherapeut/in"
"105";"Musiktherapeut/in (Ausbildung)"
"301";"Musiktherapie (grundständig)"
"302";"Musiktherapie (weiterführend)"
"301";"Musikwissenschaft (grundständig)"
"302";"Musikwissenschaft (weiterführend)"
"403";"Musikwissenschaftler/in"
"401";"Müllermeister/in/Bachelor Professional im Müller-Handwerk"
"301";"Nachhaltigkeitsmanagement (grundständig)"
"302";"Nachhaltigkeitsmanagement (weiterführend)"
"403";"Nachhaltigkeitsmanager/in"
"700";"Nachhilfelehrer/in"
"205";"Nageldesigner/in"
"301";"Nah- und Mitteloststudien (grundständig)"
"302";"Nah- und Mitteloststudien (weiterführend)"
"403";"Nahostwissenschaftler/in"
"301";"Nanowissenschaft (grundständig)"
"302";"Nanowissenschaft (weiterführend)"
"205";"Natur- und Landschaftspfleger/in"
"302";"Natur- und Wirkstoffchemie (weiterführend)"
"403";"Natur- und Wirkstoffchemiker/in"
"101";"Naturwerksteinmechaniker/in - Maschinenbearbeitungstechnik"
"101";"Naturwerksteinmechaniker/in - Schleiftechnik"
"101";"Naturwerksteinmechaniker/in - Steinmetztechnik"
"301";"Nautik (grundständig)"
"302";"Nautik (weiterführend)"
"401";"Nautiker/in (Fachschule)/Bachelor Professional in Technik"
"403";"Nautiker/in (Hochschule)"
"105";"Nautische/r Offiziersassistent/in"
"205";"Nautische/r Schiffsoffizier/in - Kleine Hochseefischerei"
"401";"Nautische/r Schiffsoffizier/in in der Großen Hochseefischerei/Bachelor Professional in Technik"
"401";"Nautische/r Schiffsoffizier/in/Kapitän/in in der Großen Hochseefischerei/Bachelor Professional in Technik"
"205";"Nautische/r Schiffsoffizier/in/Kapitän/in in der kleinen Hochseefischerei"
"205";"Nautische/r Wachoffizier/in"
"403";"Neogräzist/in"
"301";"Neogräzistik (grundständig)"
"302";"Neogräzistik (weiterführend)"
"401";"Netzmeister/in/Bachelor Professional für Verteilnetze"
"205";"Netzwerk-Servicetechniker/in"
"302";"Neue und zeitgenössische Musik (weiterführend)"
"301";"Neurowissenschaft (grundständig)"
"302";"Neurowissenschaft (weiterführend)"
"403";"Neurowissenschaftler/in"
"403";"Niederlandist/in"
"301";"Niederlandistik (grundständig)"
"302";"Niederlandistik (weiterführend)"
"700";"Niederlassungsleiter/in"
"700";"Night-Auditor"
"700";"Normungsexperte/-expertin"
"403";"Notar/in"
"101";"Notarfachangestellte/r"
"102";"Notfallsanitäter/in"
"302";"Nukleartechnik (weiterführend)"
"700";"OP-Manager/in"
"101";"Oberflächenbeschichter/in"
"700";"Objektleiter/in (Gebäudereinigung)"
"700";"Objektverwalter/in (Immobilien)"
"101";"Ofen- und Luftheizungsbauer/in"
"401";"Ofen- und Luftheizungsbauermeister/in/Bachelor Professional im Ofen- und Luftheizungsbauer-Handwerk"
"204";"Office-Manager/in"
"600";"Offizier/in - Geoinformationsdienst"
"600";"Offizier/in - Militärfachlicher Dienst"
"600";"Offizier/in - Militärmusikdienst"
"600";"Offizier/in - Sanitätsdienst"
"600";"Offizier/in - Truppendienst"
"700";"Onlinemarketing-Manager/in"
"700";"Onlineredakteur/in"
"102";"Operationstechnische/r Assistent/in"
"700";"Operator/in (EDV)"
"205";"Optometrist/in"
"700";"Orchesterdirektor/in/Orchestergeschäftsführer/in"
"700";"Orchesterinspektor/in/Orchestersekretär/in"
"700";"Orchesterwart/in"
"700";"Ordner/in bei Veranstaltungen"
"401";"Orgel- und Harmoniumbauermeister/in/Bachelor Professional im Orgel- und Harmoniumbauer-Handwerk"
"101";"Orgelbauer/in - Orgelbau"
"101";"Orgelbauer/in - Pfeifenbau"
"102";"Orthoptist/in"
"301";"Orthopädie-, Rehatechnik (grundständig)"
"302";"Orthopädie-, Rehatechnik (weiterführend)"
"101";"Orthopädieschuhmacher/in"
"401";"Orthopädieschuhmachermeister/in/Bachelor Professional im Orthopädieschuhmacher-Handwerk"
"101";"Orthopädietechnik-Mechaniker/in"
"401";"Orthopädietechnikermeister/in/Bachelor Professional im Orthopädietechniker-Handwerk"
"700";"Osteopath/in"
"403";"Ozeanograf/in"
"204";"PC-Fachkraft - kaufmännisch"
"700";"POS-Manager/in"
"700";"PR-Fachkraft"
"101";"Packmitteltechnologe/-technologin"
"403";"Paläontologe/Paläontologin"
"700";"Pannendienstfahrer/in"
"700";"Pantomime/Pantomimin"
"301";"Papiertechnik (grundständig)"
"302";"Papiertechnik (weiterführend)"
"101";"Papiertechnologe/-technologin"
"700";"Parkanlagen-, Flurwächter/in"
"101";"Parkettleger/in"
"401";"Parkettlegermeister/in/Bachelor Professional im Parkettleger-Handwerk"
"700";"Parlamentsstenograf/in"
"700";"Parodist/in"
"700";"Pastoralreferent/in"
"404";"Patentanwalt/-anwältin"
"101";"Patentanwaltsfachangestellte/r"
"403";"Patentingenieur/in"
"302";"Patentingenieurwesen (weiterführend)"
"700";"Patientenmanager/in"
"700";"Patissier/Patissière"
"700";"Peer-Berater/in"
"101";"Pelzveredler/in"
"700";"Performance-Marketing-Manager/in"
"700";"Personalberater/in"
"101";"Personaldienstleistungskaufmann/-frau"
"700";"Personaldisponent/in"
"700";"Personalentwickler/in"
"301";"Personalmanagement, -dienstleistung (grundständig)"
"302";"Personalmanagement, -dienstleistung (weiterführend)"
"204";"Personalreferent/in"
"700";"Personalsachbearbeiter/in"
"700";"Personalvermittler/in"
"700";"Pferdepfleger/in"
"101";"Pferdewirt/in - Klassische Reitausbildung"
"101";"Pferdewirt/in - Pferdehaltung und Service"
"101";"Pferdewirt/in - Pferderennen"
"101";"Pferdewirt/in - Pferdezucht"
"101";"Pferdewirt/in - Spezialreitweisen"
"301";"Pferdewirtschaft (grundständig)"
"302";"Pferdewirtschaft (weiterführend)"
"403";"Pferdewirtschafter/in (Hochschule)"
"202";"Pferdewirtschaftsmeister/in - Klassische Reitausbildung"
"202";"Pferdewirtschaftsmeister/in - Pferdehaltung und Service"
"202";"Pferdewirtschaftsmeister/in - Pferderennen"
"202";"Pferdewirtschaftsmeister/in - Pferdezucht"
"202";"Pferdewirtschaftsmeister/in - Spezialreitweisen"
"101";"Pflanzentechnologe/-technologin"
"202";"Pflanzentechnologiemeister/in"
"700";"Pflasterer/Pflasterin"
"102";"Pflegeassistent/in"
"205";"Pflegeberater/in"
"205";"Pflegedienstleiter/in"
"205";"Pflegeexperte/-expertin - Stoma, Kontinenz und Wunde"
"102";"Pflegefachassistent/in / Pflegefachassistenzperson"
"102";"Pflegefachmann/-frau (Ausbildung)"
"403";"Pflegefachmann/-frau (Hochschule)"
"301";"Pflegemanagement, -wissenschaft (grundständig)"
"302";"Pflegemanagement, -wissenschaft (weiterführend)"
"301";"Pflegepraxis (grundständig)"
"403";"Pflegepädagoge/-pädagogin"
"205";"Pflegesachverständige/r"
"403";"Pflegewissenschaftler/in"
"101";"Pharmakant/in"
"205";"Pharmareferent/in"
"301";"Pharmatechnik (grundständig)"
"302";"Pharmatechnik (weiterführend)"
"403";"Pharmazeut/in"
"101";"Pharmazeutisch-kaufmännische/r Angestellte/r"
"102";"Pharmazeutisch-technische/r Assistent/in"
"301";"Pharmazie (Staatsexamen)"
"301";"Pharmazie (grundständig außer Staatsexamen)"
"302";"Pharmazie (weiterführend)"
"403";"Philosoph/in"
"301";"Philosophie, Ethik (grundständig)"
"302";"Philosophie, Ethik (weiterführend)"
"301";"Photonik, Optische Technologien (grundständig)"
"302";"Photonik, Optische Technologien (weiterführend)"
"301";"Physik (grundständig)"
"302";"Physik (weiterführend)"
"102";"Physikalisch-technische/r Assistent/in"
"403";"Physiker/in"
"301";"Physikingenieurwesen (grundständig)"
"302";"Physikingenieurwesen (weiterführend)"
"101";"Physiklaborant/in"
"102";"Physiotherapeut/in (Ausbildung)"
"301";"Physiotherapie (grundständig)"
"302";"Physiotherapie (weiterführend)"
"700";"Piercer/in"
"105";"Pilateslehrer/in"
"700";"Plakatierer/in"
"700";"Platzwart/in"
"205";"Pneumatik-Fachkraft"
"700";"Podcast-Produzent/in"
"102";"Podologe/Podologin"
"202";"Polier/in - Hochbau"
"202";"Polier/in - Tiefbau"
"301";"Politikwissenschaft (grundständig)"
"302";"Politikwissenschaft (weiterführend)"
"700";"Politische/r Berater/in"
"403";"Politologe/Politologin"
"503";"Polizeivollzugsbeamter/-beamtin (gehobener nichttechnischer Dienst)"
"504";"Polizeivollzugsbeamter/-beamtin (höherer Dienst)"
"502";"Polizeivollzugsbeamter/-beamtin (mittlerer nichttechnischer Dienst)"
"503";"Polizeivollzugsbeamter/-beamtin - Bundespolizei (gehobener nichttechnischer Dienst)"
"504";"Polizeivollzugsbeamter/-beamtin - Bundespolizei (höherer Dienst)"
"502";"Polizeivollzugsbeamter/-beamtin - Bundespolizei (mittlerer nichttechnischer Dienst)"
"101";"Polster- und Dekorationsnäher/in"
"101";"Polsterer/Polsterin"
"403";"Polymerchemiker/in"
"301";"Polymerwissenschaft (grundständig)"
"302";"Polymerwissenschaft (weiterführend)"
"204";"Praktische/r Betriebswirt/in"
"205";"Praxisanleiter/in - Medizinische Technologen/Technologinnen"
"205";"Praxisanleiter/in - Notfallsanitäter"
"205";"Praxisanleiter/in - Pflegeberufe"
"205";"Praxisassistent/in (nicht ärztlich)"
"700";"Praxismanager/in"
"700";"Pressesprecher/in"
"205";"Producer/in"
"700";"Product Owner"
"700";"Product-Lifecycle-Manager/in"
"301";"Produkt-, Industriedesign (grundständig)"
"302";"Produkt-, Industriedesign (weiterführend)"
"403";"Produktentwickler/in"
"205";"Produktentwickler/in (Mode)"
"301";"Produktentwicklung (grundständig)"
"302";"Produktentwicklung (weiterführend)"
"101";"Produktgestalter/in - Textil"
"700";"Produktingenieur/in"
"700";"Produktioner/in - Medien"
"700";"Produktionsassistent/in (Film/Fernsehen)"
"101";"Produktionsfachkraft Chemie"
"403";"Produktionsingenieur/in"
"205";"Produktionsleiter/in - Film und Fernsehen"
"101";"Produktionsmechaniker/in - Textil"
"301";"Produktionstechnik (grundständig)"
"302";"Produktionstechnik (weiterführend)"
"101";"Produktionstechnologe/-technologin"
"700";"Produktmanager/in"
"101";"Produktprüfer/in - Textil"
"101";"Produktveredler/in - Textil"
"700";"Professor/in - Hochschulen"
"700";"Programmatic-Advertising-Manager/in"
"700";"Projektassistent/in"
"700";"Projektierungstechniker/in (Elektro)"
"403";"Projektingenieur/in"
"700";"Projektleiter/in / Projektmanager/in"
"301";"Projektmanagement, -ingenieurwesen (grundständig)"
"302";"Projektmanagement, -ingenieurwesen (weiterführend)"
"700";"Promoter/in"
"700";"Prorektor/in / Vizepräsident/in"
"205";"Prozessmanager/in - Elektrotechnik"
"205";"Prozessmanager/in - Mikrotechnologie"
"205";"Prozessmanager/in - Produktionstechnologie"
"700";"Prozessmanager/in - RPA"
"102";"Präparationstechnische/r Assistent/in"
"101";"Präzisionswerkzeugmechaniker/in - Schneidwerkzeuge"
"101";"Präzisionswerkzeugmechaniker/in - Zerspanwerkzeuge"
"401";"Präzisionswerkzeugmechanikermeister/in/Bachelor Professional im Präzisionswerkzeugmechaniker-Handwerk"
"700";"Prüfarzt/-ärztin"
"205";"Prüfer/in von Luftfahrtgerät / Certifying Staff"
"700";"Prüfsachverständige/r - Eisenbahnbereich"
"101";"Prüftechnologe/-technologin Keramik"
"404";"Psychoanalytiker/in"
"403";"Psychologe/Psychologin"
"301";"Psychologie (grundständig)"
"302";"Psychologie (weiterführend)"
"205";"Psychologisch-technische/r Assistent/in"
"700";"Psychologische/r Berater/in"
"404";"Psychologische/r Psychotherapeut/in"
"700";"Psychoonkologe/-onkologin"
"302";"Psychosoziale Beratung und Therapie (weiterführend)"
"404";"Psychosoziale/r Prozessbegleiter/in"
"403";"Psychotherapeut/in"
"301";"Psychotherapie (grundständig)"
"302";"Psychotherapie (weiterführend)"
"301";"Public Relations, Kommunikationsmanagement (grundständig)"
"302";"Public Relations, Kommunikationsmanagement (weiterführend)"
"700";"Public-Affairs-Manager/in"
"403";"Public-Relations-Manager/in"
"105";"Public-Relations-Manager/in (Ausbildung)"
"403";"Puppenspieler/in (Hochschule)"
"700";"Purser/Purserette (Luftfahrt)"
"105";"Pyrotechniker/in"
"403";"Pädagoge/Pädagogin"
"700";"Pädagogisch-therapeutische/r Konduktor/in"
"301";"Pädagogische Psychologie (grundständig)"
"302";"Pädagogische Psychologie (weiterführend)"
"403";"Pädagogische/r Psychologe/Psychologin"
"205";"Qualitätsbeauftragte/r - Gesundheits-/Sozialwesen"
"205";"Qualitätsfachmann/-frau - Fertigungsprüftechnik"
"700";"Qualitätsingenieur/in"
"700";"Qualitätskontrolleur/in"
"302";"Qualitätsmanagement (weiterführend)"
"403";"Qualitätsmanager/in"
"700";"Qualitätssicherungstechniker/in"
"404";"REFA-Ingenieur/in (Industrial Engineering)"
"205";"REFA-Operations-Manager/in"
"205";"REFA-Techniker/in"
"700";"Rabbiner/in"
"205";"Radiologietechnologe/-technologin - neuroradiologische Bildgebung"
"205";"Radiologietechnologe/-technologin - radiologische Bildgebung und Intervention"
"700";"Ramp-Agent/in"
"700";"Ranger/in"
"700";"Rangierbegleiter/in"
"700";"Rating-Analyst/in"
"101";"Raumausstatter/in"
"401";"Raumausstattermeister/in/Bachelor Professional im Raumausstatter-Handwerk"
"104";"Raumausstatterwerker/in (§66 BBiG/§42r HwO)"
"301";"Rechnergestützte Naturwissenschaft, Computational Science (grundständig)"
"302";"Rechnergestützte Naturwissenschaft, Computational Science (weiterführend)"
"700";"Rechnungsprüfer/in"
"700";"Rechtliche/r Betreuer/in"
"403";"Rechtsanwalt/Rechtsanwältin"
"101";"Rechtsanwalts- und Notarfachangestellte/r"
"101";"Rechtsanwaltsfachangestellte/r"
"700";"Rechtsbeistand"
"503";"Rechtspfleger/in"
"700";"Rechtsschutzbeauftragte/r"
"301";"Rechtswissenschaft (Erste juristische Prüfung)"
"301";"Rechtswissenschaft (grundständig außer Erste juristische Prüfung)"
"302";"Rechtswissenschaft (weiterführend)"
"700";"Recruiter/in"
"105";"Redakteur/in"
"700";"Redaktionsassistent/in"
"700";"Redenschreiber/in"
"403";"Referent/in - klinische Studien (CRA)"
"301";"Regie (grundständig)"
"302";"Regie (weiterführend)"
"700";"Regieassistent/in - Film und Fernsehen"
"700";"Regieassistent/in - Theater"
"301";"Regionalmanagement (grundständig)"
"302";"Regionalmanagement (weiterführend)"
"301";"Regionalwissenschaft - Afrika (grundständig)"
"302";"Regionalwissenschaft - Afrika (weiterführend)"
"301";"Regionalwissenschaft - Asien (grundständig)"
"302";"Regionalwissenschaft - Asien (weiterführend)"
"301";"Regionalwissenschaft - Europa (grundständig)"
"302";"Regionalwissenschaft - Europa (weiterführend)"
"301";"Regionalwissenschaft - Lateinamerika (grundständig)"
"302";"Regionalwissenschaft - Lateinamerika (weiterführend)"
"301";"Regionalwissenschaft - Nordamerika (grundständig)"
"302";"Regionalwissenschaft - Nordamerika (weiterführend)"
"403";"Regionalwissenschaftler/in - Afrika-Studien"
"403";"Regionalwissenschaftler/in - Asien-Studien"
"403";"Regionalwissenschaftler/in - Europa-Studien"
"403";"Regionalwissenschaftler/in - Islam-Studien"
"403";"Regionalwissenschaftler/in - Lateinamerika-Studien"
"403";"Regionalwissenschaftler/in - Nordamerika-Studien"
"403";"Regisseur/in"
"700";"Registrator/in"
"700";"Regulatory-Affairs-Manager/in"
"700";"Regulierungsmanager/in"
"301";"Rehabilitations-, Sonderpädagogik (grundständig)"
"302";"Rehabilitations-, Sonderpädagogik (weiterführend)"
"403";"Rehabilitationspädagoge/-pädagogin"
"700";"Reiseleiter/in"
"700";"Reit- und Fahrlehrer/in (Pferdesport)"
"105";"Reitlehrer/in"
"205";"Reittherapeut/in"
"700";"Reklamationssachbearbeiter/in"
"700";"Rektor/in / Präsident/in"
"403";"Religionspädagoge/-pädagogin - evangelisch"
"403";"Religionspädagoge/-pädagogin - islamisch"
"403";"Religionspädagoge/-pädagogin - jüdische Gemeinden"
"403";"Religionspädagoge/-pädagogin - katholisch"
"301";"Religionspädagogik, Gemeindearbeit - Evangelische Gemeinden (grundständig)"
"302";"Religionspädagogik, Gemeindearbeit - Evangelische Gemeinden (weiterführend)"
"302";"Religionspädagogik, Gemeindearbeit - Freikirchliche Gemeinden (weiterführend)"
"301";"Religionspädagogik, Gemeindearbeit - Islamische Gemeinden (grundständig)"
"301";"Religionspädagogik, Gemeindearbeit - Jüdische Gemeinden (grundständig)"
"301";"Religionspädagogik, Gemeindearbeit - Katholische Gemeinden (grundständig)"
"301";"Religionswissenschaft (grundständig)"
"302";"Religionswissenschaft (weiterführend)"
"403";"Religionswissenschaftler/in"
"700";"Relocation-Specialist/-Manager/in"
"700";"Rentenberater/in"
"700";"Requirement-Manager/in"
"205";"Requisiteur/in"
"700";"Research-Manager/in"
"700";"Reservierungssachbearbeiter/in (Hotel)"
"700";"Resident Engineer"
"202";"Restaurantmeister/in"
"403";"Restaurator/in (Hochschule)"
"401";"Restaurator/in für Möbel und Holzobjekte/Bachelor Professional Technik"
"402";"Restaurator/in im Buchbinderhandwerk/Master Professional für Restaurierung im Handwerk"
"402";"Restaurator/in im Gold- und Silberschmiedehandwerk/Master Professional für Restaurierung im Handwerk"
"402";"Restaurator/in im Graveurhandwerk/Master Professional für Restaurierung im Handwerk"
"402";"Restaurator/in im Holzbildhauerhandwerk/Master Professional für Restaurierung im Handwerk"
"402";"Restaurator/in im Karosserie- und Fahrzeugbauerhandwerk/Master Professional für Restaurierung im Handwerk"
"402";"Restaurator/in im Kraftfahrzeugtechnikerhandwerk/Master Professional für Restaurierung im Handwerk"
"402";"Restaurator/in im Maler- und Lackiererhandwerk/Master Professional für Restaurierung im Handwerk"
"402";"Restaurator/in im Maurer- und Betonbauerhandwerk/Master Professional für Restaurierung im Handwerk"
"402";"Restaurator/in im Metallbauerhandwerk/Master Professional für Restaurierung im Handwerk"
"402";"Restaurator/in im Metallbildnerhandwerk/Master Professional für Restaurierung im Handwerk"
"402";"Restaurator/in im Orgel- und Harmoniumbauerhandwerk/Master Professional für Restaurierung im Handwerk"
"402";"Restaurator/in im Parkettlegerhandwerk/Master Professional für Restaurierung im Handwerk"
"402";"Restaurator/in im Raumausstatterhandwerk/Master Professional für Restaurierung im Handwerk"
"402";"Restaurator/in im Steinmetz- und Steinbildhauerhandwerk/Master Professional für Restaurierung im Handwerk"
"402";"Restaurator/in im Stuckateurhandwerk/Master Professional für Restaurierung im Handwerk"
"402";"Restaurator/in im Tischlerhandwerk/Master Professional für Restaurierung im Handwerk"
"402";"Restaurator/in im Uhrmacherhandwerk/Master Professional für Restaurierung im Handwerk"
"402";"Restaurator/in im Vergolderhandwerk/Master Professional für Restaurierung im Handwerk"
"402";"Restaurator/in im Zimmererhandwerk/Master Professional für Restaurierung im Handwerk"
"301";"Restaurierung (grundständig)"
"302";"Restaurierung (weiterführend)"
"105";"Rettungshelfer/in"
"301";"Rettungsingenieurwesen (grundständig)"
"302";"Rettungsingenieurwesen (weiterführend)"
"105";"Rettungssanitäter/in"
"700";"Revenue-Manager/in"
"202";"Revierjagdmeister/in"
"101";"Revierjäger/in"
"700";"Revisor/in"
"301";"Rhetorik, Sprechwissenschaft (grundständig)"
"302";"Rhetorik, Sprechwissenschaft (weiterführend)"
"700";"Rhythmiklehrer/in"
"403";"Richter/in"
"302";"Risikomanagement (weiterführend)"
"403";"Risk-Manager/in"
"700";"Roboterprogrammierer/in"
"301";"Robotik, Autonome Systeme (grundständig)"
"302";"Robotik, Autonome Systeme (weiterführend)"
"700";"Rohrschweißer/in"
"700";"Rohrvorrichter/in"
"301";"Rohstoffingenieurwesen (grundständig)"
"302";"Rohstoffingenieurwesen (weiterführend)"
"101";"Rollladen- und Sonnenschutzmechatroniker/in"
"401";"Rollladen- und Sonnenschutztechnikermeister/in/Bachelor Professional im Rollladen- und Sonnenschutztechniker-Handwerk"
"403";"Romanist/in - Französisch"
"403";"Romanist/in - Italienisch"
"403";"Romanist/in - Portugiesisch"
"403";"Romanist/in - Rumänisch"
"403";"Romanist/in - Spanisch"
"301";"Romanistik (grundständig)"
"302";"Romanistik (weiterführend)"
"301";"Romanistik - Französisch (grundständig)"
"302";"Romanistik - Französisch (weiterführend)"
"301";"Romanistik - Italienisch (grundständig)"
"302";"Romanistik - Italienisch (weiterführend)"
"301";"Romanistik - Portugiesisch (grundständig)"
"302";"Romanistik - Portugiesisch (weiterführend)"
"301";"Romanistik - Spanisch (grundständig)"
"302";"Romanistik - Spanisch (weiterführend)"
"700";"Rooms-Division-Manager/in"
"700";"Röntgenhelfer/in"
"700";"SEA-Manager/in"
"700";"SEO-Manager/in"
"205";"SPS-Fachkraft"
"700";"SPS-Ingenieur/in"
"700";"Saaldiener/in"
"700";"Sachbearbeiter/in - Luftaufsicht"
"700";"Sales-Manager/in"
"301";"Sanitäts-, Rettungswesen (grundständig)"
"401";"Sattler- und Feintäschnermeister/in/Bachelor Professional im Sattler- und Feintäschner-Handwerk"
"101";"Sattler/in - Fahrzeugsattlerei"
"101";"Sattler/in - Feintäschnerei"
"101";"Sattler/in - Reitsportsattlerei"
"700";"Saunameister/in"
"700";"Schadensregulierer/in (Versicherung)"
"301";"Schauspiel (grundständig)"
"302";"Schauspiel (weiterführend)"
"403";"Schauspieler/in"
"102";"Schauspieler/in (Ausbildung)"
"700";"Schausteller/in"
"700";"Schichtführer/in"
"700";"Schienenfahrzeugreiniger/in"
"301";"Schiffbau, Meerestechnik (grundständig)"
"302";"Schiffbau, Meerestechnik (weiterführend)"
"101";"Schifffahrtskaufmann/-frau - Linienfahrt"
"101";"Schifffahrtskaufmann/-frau - Trampfahrt"
"301";"Schiffs-, Reedereimanagement, Hafenwirtschaft (grundständig)"
"302";"Schiffs-, Reedereimanagement, Hafenwirtschaft (weiterführend)"
"205";"Schiffsbetriebsoffizier/in - Nautik/Technik"
"301";"Schiffsbetriebstechnik (grundständig)"
"401";"Schiffsbetriebstechniker/in/Bachelor Professional in Technik"
"102";"Schiffsbetriebstechnische/r Assistent/in"
"700";"Schiffselektriker/in"
"700";"Schiffsführer/in (Binnenschifffahrt)"
"700";"Schiffsinspektor/in (Nautik/Technik)"
"205";"Schiffsmaschinist/in"
"101";"Schiffsmechaniker/in"
"700";"Schiffsreiniger/in"
"101";"Schilder- und Lichtreklamehersteller/in"
"401";"Schilder- und Lichtreklameherstellermeister/in/Bachelor Professional im Schilder- und Lichtreklamehersteller-Handwerk"
"700";"Schleusenwärter/in"
"301";"Schmuckdesign (grundständig)"
"302";"Schmuckdesign (weiterführend)"
"403";"Schmuckdesigner/in"
"104";"Schmuckwerker/in (§66 BBiG/§42r HwO)"
"700";"Schnellzeichner/in / Porträtzeichner/in"
"205";"Schnitt-, Entwurfs- und Fertigungsmodelleur/-direktrice"
"101";"Schornsteinfeger/in"
"401";"Schornsteinfegermeister/in/Bachelor Professional im Schornsteinfeger-Handwerk"
"105";"Schriftdolmetscher/in"
"401";"Schriftsetzermeister/in/Bachelor Professional im Schriftsetzer-Handwerk"
"101";"Schuhfertiger/in"
"401";"Schuhmachermeister/in/Bachelor Professional im Schuhmacher-Handwerk"
"700";"Schulbegleiter/in"
"700";"Schuldnerberater/in"
"700";"Schulleiter/in - Erwachsenenbildung"
"700";"Schulleiter/in - Musikschulen"
"700";"Schulleiter/in - Waldorfschule"
"700";"Schulleiter/in - allgemeinbildende Schulen"
"700";"Schulleiter/in - berufliche Schulen"
"700";"Schwangerschaftskonfliktberater/in"
"105";"Schweißer/in"
"404";"Schweißfachingenieur/in"
"205";"Schweißfachmann/-frau"
"205";"Schweißlehrer/in"
"205";"Schweißtechniker/in"
"104";"Schweißwerker/in (§66 BBiG/§42r HwO)"
"202";"Schweißwerkmeister/in"
"700";"Schwestern-/Pflegediensthelfer/in"
"700";"Schwimmlehrer/in"
"101";"Schädlingsbekämpfer/in"
"104";"Schäftemacher/in (§66 BBiG/§42r HwO)"
"700";"Script Supervisor"
"700";"Segelfluglehrer/in"
"105";"Segellehrer/in"
"101";"Segelmacher/in"
"401";"Segelmachermeister/in/Bachelor Professional im Segelmacher-Handwerk"
"700";"Seilbahnbetriebsregler/in"
"101";"Seiler/in"
"401";"Seilermeister/in/Bachelor Professional im Seiler-Handwerk"
"700";"Sekretär/in"
"700";"Seminarleiter/in - Lehrkräfteausbildung"
"403";"Semitist/in"
"301";"Semitistik (grundständig)"
"302";"Semitistik (weiterführend)"
"301";"Sensortechnik (grundständig)"
"302";"Sensortechnik (weiterführend)"
"700";"Service-Chat-Agent/in"
"700";"Service-Designer/in"
"101";"Servicefachkraft - Dialogmarketing"
"101";"Servicefahrer/in"
"700";"Serviceingenieur/in"
"101";"Servicekaufmann/-frau - Luftverkehr"
"101";"Servicekraft - Schutz und Sicherheit"
"700";"Servicemitarbeiter/in - Sonnenstudio"
"205";"Servicemonteur/in - Windenergieanlagentechnik"
"700";"Servicetechniker/in - Biogasanlagen"
"700";"Servicetechniker/in - IT"
"205";"Servicetechniker/in - Land- und Baumaschinen"
"700";"Servicetechniker/in - Sicherheits-/Alarmanlagen"
"700";"Sicherheits- und Gesundheitsschutz-Koordinator/in"
"301";"Sicherheitsmanagement (grundständig)"
"302";"Sicherheitsmanagement (weiterführend)"
"403";"Sicherheitsmanager/in"
"700";"Sicherheitsmitarbeiter/in"
"301";"Sicherheitstechnik (grundständig)"
"302";"Sicherheitstechnik (weiterführend)"
"700";"Sicherheitstechniksachverständige/r"
"401";"Siebdruckermeister/in/Bachelor Professional im Siebdrucker-Handwerk"
"403";"Sinologe/Sinologin"
"301";"Sinologie (grundständig)"
"302";"Sinologie (weiterführend)"
"700";"Site Reliability Engineer"
"403";"Skandinavist/in"
"301";"Skandinavistik (grundständig)"
"302";"Skandinavistik (weiterführend)"
"105";"Skilehrer/in"
"403";"Slawist/in - Ostslawistik"
"403";"Slawist/in - Südslawistik"
"403";"Slawist/in - Westslawistik"
"301";"Slawistik (grundständig)"
"302";"Slawistik (weiterführend)"
"301";"Slawistik - Ostslawistik (grundständig)"
"302";"Slawistik - Ostslawistik (weiterführend)"
"301";"Slawistik - Südslawistik (grundständig)"
"301";"Slawistik - Westslawistik (grundständig)"
"302";"Slawistik - Westslawistik (weiterführend)"
"700";"Smart-Factory-Manager/in"
"105";"Snowboardlehrer/in"
"700";"Social-Media-Manager/in"
"700";"Software-Architect"
"403";"Softwareentwickler/in"
"301";"Softwaretechnik (grundständig)"
"302";"Softwaretechnik (weiterführend)"
"700";"Solarmonteur/in"
"600";"Soldat/in auf Zeit - Laufbahngruppe Mannschaften"
"700";"Solosänger/in"
"700";"Solotänzer/in"
"700";"Souffleur/Souffleuse"
"700";"Sous-Chef/in"
"403";"Sozial- und Kulturanthropologe/-anthropologin"
"301";"Sozial-, Kulturanthropologie (grundständig)"
"302";"Sozial-, Kulturanthropologie (weiterführend)"
"403";"Sozialarbeiter/in / Sozialpädagoge/-pädagogin"
"102";"Sozialassistent/in"
"301";"Soziale Arbeit (grundständig)"
"302";"Soziale Arbeit (weiterführend)"
"301";"Sozialmanagement (grundständig)"
"302";"Sozialmanagement (weiterführend)"
"205";"Sozialmedizinische/r Assistent/in"
"102";"Sozialpädagogische/r Assistent/in / Kinderpfleger/in"
"404";"Sozialtherapeut/in"
"301";"Sozialversicherung (grundständig)"
"101";"Sozialversicherungsfachangestellte/r - Rentenversicherung"
"101";"Sozialversicherungsfachangestellte/r - Unfallversicherung"
"101";"Sozialversicherungsfachangestellte/r - allgemeine Krankenversicherung"
"101";"Sozialversicherungsfachangestellte/r - knappschaftliche Sozialversicherung"
"101";"Sozialversicherungsfachangestellte/r - landwirtschaftliche Sozialversicherung"
"301";"Sozialwissenschaften (grundständig)"
"302";"Sozialwissenschaften (weiterführend)"
"403";"Sozialwissenschaftler/in"
"403";"Sozialökonom/in / Sozialwirt/in"
"301";"Sozialökonomie (grundständig)"
"302";"Sozialökonomie (weiterführend)"
"403";"Soziologe/Soziologin"
"301";"Soziologie (grundständig)"
"302";"Soziologie (weiterführend)"
"105";"Spa- und Wellnessmanager/in"
"205";"Spezialist/in - Industrie 4.0"
"101";"Spezialtiefbauer/in"
"700";"Spielhallenaufsicht"
"700";"Spieltherapeut/in"
"101";"Spielzeughersteller/in"
"101";"Sport- und Fitnesskaufmann/-frau"
"404";"Sportarzt/-ärztin"
"102";"Sportassistent/in"
"101";"Sportfachmann/-frau"
"700";"Sportgerätebauer/in"
"700";"Sportlehrer/in - Rehabilitation/Behindertensport"
"301";"Sportmanagement, -ökonomie (grundständig)"
"302";"Sportmanagement, -ökonomie (weiterführend)"
"403";"Sportmanager/in, -ökonom/in"
"403";"Sportpsychologe/-psychologin"
"302";"Sportpsychologie (weiterführend)"
"403";"Sportpädagoge/-pädagogin"
"105";"Sporttauchlehrer/in"
"301";"Sporttechnik (grundständig)"
"302";"Sporttechnik (weiterführend)"
"403";"Sporttherapeut/in"
"301";"Sportwissenschaft (grundständig)"
"302";"Sportwissenschaft (weiterführend)"
"403";"Sportwissenschaftler/in"
"700";"Sprachtherapeut/in"
"403";"Sprachwissenschaftler/in"
"403";"Sprechwissenschaftler/in"
"205";"Sprengberechtigte/r"
"700";"Sprengmeistergehilfe/-gehilfin"
"301";"Staats-, Verwaltungswissenschaft (grundständig)"
"302";"Staats-, Verwaltungswissenschaft (weiterführend)"
"403";"Staatsanwalt/-anwältin"
"403";"Stadt- und Regionalplaner/in"
"301";"Stadt-, Regionalplanung (grundständig)"
"302";"Stadt-, Regionalplanung (weiterführend)"
"700";"Stall-/Herdenmanager/in"
"101";"Stanz- und Umformmechaniker/in"
"700";"Stationsarzt/-ärztin"
"205";"Stationsleiter/in - Kranken-/Alten-/Kinderkrankenpflege"
"301";"Statistik (grundständig)"
"302";"Statistik (weiterführend)"
"403";"Statistiker/in"
"401";"Steinmetz- und Steinbildhauermeister/in/Bachelor Professional im Steinmetz- und Steinbildhauer-Handwerk"
"205";"Steinmetz/in und Steinbildhauer/in - Denkmalpflege"
"101";"Steinmetz/in und Steinbildhauer/in - Steinbildhauerarbeiten"
"101";"Steinmetz/in und Steinbildhauer/in - Steinmetzarbeiten"
"204";"Steuerberater/in"
"101";"Steuerfachangestellte/r"
"301";"Steuern, Prüfungswesen (grundständig)"
"302";"Steuern, Prüfungswesen (weiterführend)"
"700";"Stillstandsplaner/in"
"700";"Strahlenschutzbeauftragte/r"
"205";"Strahlenschutzfachkraft"
"700";"Strahlenschutzingenieur/in"
"101";"Straßenbauer/in"
"401";"Straßenbauermeister/in/Bachelor Professional im Straßenbauer-Handwerk"
"101";"Straßenwärter/in"
"700";"Streaming Engineer"
"700";"Stroke-Nurse"
"101";"Stuckateur/in"
"401";"Stuckateurmeister/in/Bachelor Professional im Stuckateur-Handwerk"
"700";"Studiengangkoordinator/in"
"700";"Study-Nurse"
"700";"Stuntman/-woman"
"700";"Störfallbeauftragte/r"
"700";"Substitut/in (Warenhandel)"
"700";"Sucht-, Drogenberater/in"
"700";"Supply-Chain-Manager/in"
"105";"Surflehrer/in"
"700";"Synchronsprecher/in"
"700";"Syndikus-Anwalt/-Anwältin"
"301";"Systems Engineering (grundständig)"
"302";"Systems Engineering (weiterführend)"
"700";"Systemtester/in - Elektrotechnik"
"403";"Systemwissenschaftler/in"
"403";"Szenenbildner/in"
"301";"Szenografie (grundständig)"
"302";"Szenografie (weiterführend)"
"403";"Sänger/in"
"105";"Sänger/in (Ausbildung)"
"101";"Süßwarentechnologe/-technologin"
"105";"Tai-Chi-Chuan- und Qigong-Lehrer/in"
"700";"Talent-Acquisition-Manager/in"
"700";"Tankwagenfahrer/in"
"700";"Tankwart/in"
"301";"Tanz (grundständig)"
"302";"Tanz (weiterführend)"
"403";"Tanz- und Bewegungstherapeut/in"
"205";"Tanz- und Bewegungstherapeut/in (Weiterbildung)"
"302";"Tanz- und Bewegungstherapie (weiterführend)"
"105";"Tanzlehrer/in"
"105";"Tanzpädagoge/-pädagogin"
"205";"Taucher/in"
"700";"Taxifahrer/in"
"700";"Teamleiter/in - Callcenter"
"401";"Techniker/in - Agrartechnik/Bachelor Professional in Technik"
"401";"Techniker/in - Augenoptik/Bachelor Professional in Technik"
"401";"Techniker/in - Bautechnik (Ausbau)/Bachelor Professional in Technik"
"401";"Techniker/in - Bautechnik (Bauerneuerung/Bausanierung)/Bachelor Professional in Technik"
"401";"Techniker/in - Bautechnik (Hochbau)/Bachelor Professional in Technik"
"401";"Techniker/in - Bautechnik (Tiefbau)/Bachelor Professional in Technik"
"401";"Techniker/in - Bautechnik (ohne Schwerpunkt)/Bachelor Professional in Technik"
"401";"Techniker/in - Bekleidungstechnik/Bachelor Professional in Technik"
"401";"Techniker/in - Bergbautechnik/Bachelor Professional in Technik"
"401";"Techniker/in - Biotechnik/Bachelor Professional in Technik"
"401";"Techniker/in - Bohrtechnik/Bachelor Professional in Technik"
"401";"Techniker/in - Chemietechnik (Betriebstechnik)/Bachelor Professional in Technik"
"401";"Techniker/in - Chemietechnik (Biochemie)/Bachelor Professional in Technik"
"401";"Techniker/in - Chemietechnik (Labortechnik)/Bachelor Professional in Technik"
"401";"Techniker/in - Chemietechnik (ohne Schwerpunkt)/Bachelor Professional in Technik"
"401";"Techniker/in - Druck- und Medientechnik/Bachelor Professional in Technik"
"401";"Techniker/in - Elektromobilität/Bachelor Professional in Technik"
"401";"Techniker/in - Elektrotechnik (Automatisierungstechnik)/Bachelor Professional in Technik"
"401";"Techniker/in - Elektrotechnik (Energietechnik)/Bachelor Professional in Technik"
"401";"Techniker/in - Elektrotechnik (Informations- und Kommunikationstechnik)/Bachelor Professional in Technik"
"401";"Techniker/in - Elektrotechnik (ohne Schwerpunkt)/Bachelor Professional in Technik"
"401";"Techniker/in - Ernährungs- und Versorgungsmanagement/Bachelor Professional in Technik"
"401";"Techniker/in - Farb- und Lacktechnik (industrielle Beschichtungstechnik)/Bachelor Professional in Technik"
"401";"Techniker/in - Farb- und Lacktechnik (ohne Schwerpunkt)/Bachelor Professional in Technik"
"401";"Techniker/in - Feinwerktechnik/Bachelor Professional in Technik"
"401";"Techniker/in - Forsttechnik/Bachelor Professional in Technik"
"401";"Techniker/in - Galvanotechnik/Bachelor Professional in Technik"
"401";"Techniker/in - Gartenbau (Garten- und Landschaftsbau)/Bachelor Professional in Technik"
"401";"Techniker/in - Gartenbau (Produktion und Vermarktung)/Bachelor Professional in Technik"
"401";"Techniker/in - Gartenbau (ohne Schwerpunkt)/Bachelor Professional in Technik"
"401";"Techniker/in - Gebäudesystemtechnik/Bachelor Professional in Technik"
"401";"Techniker/in - Geologietechnik/Bachelor Professional in Technik"
"401";"Techniker/in - Gießereitechnik/Bachelor Professional in Technik"
"401";"Techniker/in - Glasbautechnik/Bachelor Professional in Technik"
"401";"Techniker/in - Glastechnik (Glashüttentechnik)/Bachelor Professional in Technik"
"401";"Techniker/in - Glastechnik (Optik)/Bachelor Professional in Technik"
"401";"Techniker/in - Glastechnik (ohne Schwerpunkt)/Bachelor Professional in Technik"
"205";"Techniker/in - Grabungstechnik"
"401";"Techniker/in - Heizungs-, Lüftungs-, Klimatechnik/Bachelor Professional in Technik"
"401";"Techniker/in - Holztechnik (Modell- und Formenbau)/Bachelor Professional in Technik"
"401";"Techniker/in - Holztechnik (Möbelbau)/Bachelor Professional in Technik"
"401";"Techniker/in - Holztechnik (ohne Schwerpunkt)/Bachelor Professional in Technik"
"401";"Techniker/in - Informatik (Betriebsinformatik)/Bachelor Professional in Technik"
"401";"Techniker/in - Informatik (IT-Sicherheit)/Bachelor Professional in Technik"
"401";"Techniker/in - Informatik (KI und Robotik)/Bachelor Professional in Technik"
"401";"Techniker/in - Informatik (Nachhaltige Digitalisierung)/Bachelor Professional in Technik"
"401";"Techniker/in - Informatik (Netzwerktechnologie)/Bachelor Professional in Technik"
"401";"Techniker/in - Informatik (technische Informatik)/Bachelor Professional in Technik"
"401";"Techniker/in - Karosserie- und Fahrzeugbautechnik/Bachelor Professional in Technik"
"401";"Techniker/in - Keramiktechnik/Bachelor Professional in Technik"
"401";"Techniker/in - Korrosionsschutztechnik/Bachelor Professional in Technik"
"401";"Techniker/in - Kraftfahrzeugtechnik/Bachelor Professional in Technik"
"401";"Techniker/in - Kunststoff- und Kautschuktechnik/Bachelor Professional in Technik"
"401";"Techniker/in - Kältetechnik/Bachelor Professional in Technik"
"401";"Techniker/in - Künstliche Intelligenz/Bachelor Professional in Technik"
"401";"Techniker/in - Lebensmitteltechnik (Bäckereitechnik)/Bachelor Professional in Technik"
"401";"Techniker/in - Lebensmitteltechnik (Feinkost und Fertiggerichte)/Bachelor Professional in Technik"
"401";"Techniker/in - Lebensmitteltechnik (Fleischereitechnik)/Bachelor Professional in Technik"
"401";"Techniker/in - Lebensmitteltechnik (Lebensmittelverarbeitungstechnik)/Bachelor Professional in Technik"
"401";"Techniker/in - Lebensmitteltechnik (Lebensmittelverpackung)/Bachelor Professional in Technik"
"401";"Techniker/in - Lebensmitteltechnik (Produktentwicklung und Qualitätsmanagement)/Bachelor Professional in Technik"
"401";"Techniker/in - Lebensmitteltechnik (ohne Schwerpunkt)/Bachelor Professional in Technik"
"401";"Techniker/in - Leiterplattentechnik/Bachelor Professional in Technik"
"401";"Techniker/in - Luftfahrttechnik/Bachelor Professional in Technik"
"401";"Techniker/in - Maschinentechnik (Automatisierungstechnik)/Bachelor Professional in Technik"
"401";"Techniker/in - Maschinentechnik (Entwicklungstechnik)/Bachelor Professional in Technik"
"401";"Techniker/in - Maschinentechnik (Fertigungstechnik)/Bachelor Professional in Technik"
"401";"Techniker/in - Maschinentechnik (Konstruktion)/Bachelor Professional in Technik"
"401";"Techniker/in - Maschinentechnik (Kunststoff-/Kautschuktechnik)/Bachelor Professional in Technik"
"401";"Techniker/in - Maschinentechnik (Produktions- und Qualitätsmanagement)/Bachelor Professional in Technik"
"401";"Techniker/in - Maschinentechnik (Verfahrens- und Umwelttechnik)/Bachelor Professional in Technik"
"401";"Techniker/in - Maschinentechnik (Verfahrenstechnik)/Bachelor Professional in Technik"
"401";"Techniker/in - Maschinentechnik (ohne Schwerpunkt)/Bachelor Professional in Technik"
"401";"Techniker/in - Mechatronik/Bachelor Professional in Technik"
"401";"Techniker/in - Medizintechnik/Bachelor Professional in Technik"
"401";"Techniker/in - Metallbautechnik (Gebäudetechnik)/Bachelor Professional in Technik"
"401";"Techniker/in - Metallbautechnik (Leichtmetallbau)/Bachelor Professional in Technik"
"401";"Techniker/in - Metallbautechnik (Stahlbau)/Bachelor Professional in Technik"
"401";"Techniker/in - Metallbautechnik (ohne Schwerpunkt)/Bachelor Professional in Technik"
"401";"Techniker/in - Milchwirtschaft und Molkereiwesen/Bachelor Professional in Technik"
"401";"Techniker/in - Mühlenbau, Getreide- und Futtermitteltechnik/Bachelor Professional in Technik"
"401";"Techniker/in - Papiertechnik/Bachelor Professional in Technik"
"401";"Techniker/in - Physiktechnik/Bachelor Professional in Technik"
"401";"Techniker/in - Produktionstechnik und Datenmanagement/Bachelor Professional in Technik"
"401";"Techniker/in - Sanitärtechnik/Bachelor Professional in Technik"
"401";"Techniker/in - Schuhtechnik/Bachelor Professional in Technik"
"205";"Techniker/in - Seevermessungstechnik"
"401";"Techniker/in - Steintechnik/Bachelor Professional in Technik"
"401";"Techniker/in - Textiltechnik/Bachelor Professional in Technik"
"401";"Techniker/in - Umweltschutztechnik (Verfahrenstechnik)/Bachelor Professional in Technik"
"401";"Techniker/in - Umweltschutztechnik (ohne Schwerpunkt)/Bachelor Professional in Technik"
"401";"Techniker/in - Umweltschutztechnik und regenerative Energien/Bachelor Professional in Technik"
"401";"Techniker/in - Verfahrenstechnik/Bachelor Professional in Technik"
"401";"Techniker/in - Verkehrstechnik (Eisenbahnbetrieb)/Bachelor Professional in Technik"
"401";"Techniker/in - Verkehrstechnik (Verkehrsmanagement)/Bachelor Professional in Technik"
"401";"Techniker/in - Vermessungstechnik/Bachelor Professional in Technik"
"401";"Techniker/in - Weinbau und Kellerwirtschaft/Bachelor Professional in Technik"
"401";"Techniker/in - Werkstofftechnik/Bachelor Professional in Technik"
"401";"Techniker/in - Windenergietechnik/Bachelor Professional in Technik"
"401";"Techniker/in - Wirtschaftstechnik/Bachelor Professional in Technik"
"401";"Techniker/in - Zerspanungstechnik/Bachelor Professional in Technik"
"301";"Technische Informatik (grundständig)"
"302";"Technische Informatik (weiterführend)"
"301";"Technische Redaktion (grundständig)"
"302";"Technische Redaktion (weiterführend)"
"102";"Technische/r Assistent/in - Automatisierungstechnik"
"102";"Technische/r Assistent/in - Bautechnik"
"102";"Technische/r Assistent/in - Energietechnik"
"102";"Technische/r Assistent/in - Metallografie und Werkstoffkunde"
"102";"Technische/r Assistent/in - medizinische Gerätetechnik"
"102";"Technische/r Assistent/in - naturkundliche Museen und Forschungsinstitute"
"204";"Technische/r Betriebswirt/in (Weiterbildung)"
"103";"Technische/r Betriebswirt/in - Handwerk (doppelt qualifizierende Ausbildung)"
"204";"Technische/r Fachkaufmann/-frau - Beschlagtechnik"
"204";"Technische/r Fachkaufmann/-frau - Sanitär/Heizung/Klima"
"204";"Technische/r Fachkaufmann/-frau - Werkzeuge/Maschinen"
"204";"Technische/r Fachwirt/in"
"101";"Technische/r Konfektionär/in"
"700";"Technische/r Leiter/in - Bühne/Film/Fernsehen"
"101";"Technische/r Modellbauer/in"
"101";"Technische/r Modellbauer/in - Anschauung"
"101";"Technische/r Modellbauer/in - Gießerei"
"101";"Technische/r Modellbauer/in - Karosserie und Produktion"
"105";"Technische/r Offiziersassistent/in - Schiff"
"101";"Technische/r Produktdesigner/in - Maschinen- und Anlagenkonstruktion"
"101";"Technische/r Produktdesigner/in - Produktgestaltung und -konstruktion"
"403";"Technische/r Redakteur/in"
"205";"Technische/r Redakteur/in (Weiterbildung)"
"101";"Technische/r Systemplaner/in - Elektrotechnische Systeme"
"101";"Technische/r Systemplaner/in - Stahl- und Metallbautechnik"
"101";"Technische/r Systemplaner/in - Versorgungs- und Ausrüstungstechnik"
"205";"Technische/r Wachoffizier/in"
"301";"Technischer Vertrieb (grundständig)"
"302";"Technischer Vertrieb (weiterführend)"
"301";"Technologie der Kosmetika und Waschmittel (grundständig)"
"302";"Technologie der Kosmetika und Waschmittel (weiterführend)"
"301";"Technologiemanagement (grundständig)"
"302";"Technologiemanagement (weiterführend)"
"301";"Technomathematik (grundständig)"
"302";"Technomathematik (weiterführend)"
"403";"Technomathematiker/in"
"700";"Telefonist/in"
"104";"Telefonist/in (§66 BBiG/§42r HwO)"
"700";"Tender-Manager/in"
"105";"Tennislehrer/in"
"700";"Tester/in, Testperson"
"700";"Testfahrer/in"
"700";"Testingenieur/in"
"700";"Testkäufer/in"
"101";"Textil- und Modenäher/in"
"101";"Textil- und Modeschneider/in"
"301";"Textil-, Bekleidungstechnik (grundständig)"
"302";"Textil-, Bekleidungstechnik (weiterführend)"
"301";"Textildesign (grundständig)"
"302";"Textildesign (weiterführend)"
"403";"Textildesigner/in"
"101";"Textilgestalter/in im Handwerk - Filzen"
"101";"Textilgestalter/in im Handwerk - Klöppeln"
"101";"Textilgestalter/in im Handwerk - Posamentieren"
"101";"Textilgestalter/in im Handwerk - Sticken"
"101";"Textilgestalter/in im Handwerk - Stricken"
"101";"Textilgestalter/in im Handwerk - Weben"
"401";"Textilgestaltermeister/in/Bachelor Professional im Textilgestalter-Handwerk"
"101";"Textillaborant/in"
"101";"Textilreiniger/in"
"401";"Textilreinigermeister/in/Bachelor Professional im Textilreiniger-Handwerk"
"105";"Theater-Regisseur/in/Spielleiter/in (Ausbildung)"
"403";"Theaterpädagoge/-pädagogin"
"205";"Theaterpädagoge/-pädagogin (Weiterbildung)"
"301";"Theaterpädagogik (grundständig)"
"302";"Theaterpädagogik (weiterführend)"
"301";"Theaterwissenschaft (grundständig)"
"302";"Theaterwissenschaft (weiterführend)"
"403";"Theaterwissenschaftler/in"
"403";"Theologe/Theologin - Freikirchen"
"403";"Theologe/Theologin - evangelisch"
"403";"Theologe/Theologin - islamisch"
"403";"Theologe/Theologin - jüdisch"
"403";"Theologe/Theologin - katholisch"
"403";"Theologe/Theologin - orthodox"
"301";"Theologie - Evangelische Theologie (grundständig außer kirchliche Abschlüsse)"
"301";"Theologie - Evangelische Theologie (kirchlicher Abschluss/Magister Theologiae)"
"302";"Theologie - Evangelische Theologie (weiterführend)"
"301";"Theologie - Freikirchen (grundständig)"
"302";"Theologie - Freikirchen (weiterführend)"
"301";"Theologie - Islamische Theologie (grundständig)"
"302";"Theologie - Islamische Theologie (weiterführend)"
"301";"Theologie - Jüdische Theologie (grundständig)"
"302";"Theologie - Jüdische Theologie (weiterführend)"
"301";"Theologie - Katholische Theologie (grundständig außer kirchliche Abschlüsse)"
"301";"Theologie - Katholische Theologie (kirchlicher Abschluss/Magister Theologiae)"
"302";"Theologie - Katholische Theologie (weiterführend)"
"301";"Theologie - Orthodoxe Theologie (grundständig)"
"301";"Therapiewissenschaft (grundständig)"
"302";"Therapiewissenschaft (weiterführend)"
"101";"Thermometermacher/in - Thermometerblasen"
"101";"Thermometermacher/in - Thermometerjustieren"
"101";"Tiefbaufacharbeiter/in - Brunnenbau- und Spezialtiefbauarbeiten"
"101";"Tiefbaufacharbeiter/in - Gleisbauarbeiten"
"101";"Tiefbaufacharbeiter/in - Kanalbauarbeiten für Infrastrukturtechnik"
"101";"Tiefbaufacharbeiter/in - Leitungsbauarbeiten für Infrastrukturtechnik"
"101";"Tiefbaufacharbeiter/in - Straßenbauarbeiten"
"403";"Tierarzt/Tierärztin"
"700";"Tierbestatter/in"
"105";"Tierheilpraktiker/in"
"700";"Tierheimleiter/in"
"700";"Tierlehrer/in"
"301";"Tiermedizin (grundständig)"
"302";"Tiermedizin (weiterführend)"
"101";"Tiermedizinische/r Fachangestellte/r"
"202";"Tierpflegemeister/in"
"101";"Tierpfleger/in - Forschung und Klinik"
"101";"Tierpfleger/in - Tierheim und Tierpension"
"101";"Tierpfleger/in - Zoo"
"105";"Tierphysiotherapeut/in"
"700";"Tierpsychologe/-psychologin"
"700";"Tierschutzbeauftragte/r"
"101";"Tierwirt/in - Geflügelhaltung"
"101";"Tierwirt/in - Imkerei"
"101";"Tierwirt/in - Rinderhaltung"
"101";"Tierwirt/in - Schweinehaltung"
"101";"Tierwirt/in - Schäferei"
"202";"Tierwirtschaftsmeister/in - Geflügelhaltung"
"202";"Tierwirtschaftsmeister/in - Imkerei"
"202";"Tierwirtschaftsmeister/in - Rinderhaltung"
"202";"Tierwirtschaftsmeister/in - Schweinehaltung"
"202";"Tierwirtschaftsmeister/in - Schäferei"
"101";"Tischler/in"
"205";"Tischler/in - Restaurierungsarbeiten"
"401";"Tischlermeister/in/Bachelor Professional im Tischler-Handwerk"
"301";"Ton-, Bildtechnik (grundständig)"
"302";"Ton-, Bildtechnik (weiterführend)"
"403";"Tonmeister/in / Toningenieur/in"
"101";"Tourismuskaufmann/-frau (Privat- und Geschäftsreisen)"
"301";"Tourismusmanagement (grundständig)"
"302";"Tourismusmanagement (weiterführend)"
"700";"Touristikmanager/in"
"403";"Toxikologe/Toxikologin"
"302";"Toxikologie (weiterführend)"
"700";"Trainer/in, Supervisor/in - Callcenter"
"700";"Transportgeräteführer/in"
"700";"Trauerredner/in"
"700";"Travestie-Künstler/in"
"700";"Treasury-Manager/in"
"700";"Treuhänder/in"
"700";"Trickfilmzeichner/in"
"101";"Trockenbaumonteur/in"
"700";"Tunnelbauer/in, Mineur/in"
"403";"Turkologe/Turkologin"
"301";"Turkologie (grundständig)"
"302";"Turkologie (weiterführend)"
"700";"Tänzer/in - Show"
"700";"Tätowierer/in"
"700";"UX-Designer/in"
"700";"UX-Researcher/in"
"101";"Uhrmacher/in"
"401";"Uhrmachermeister/in/Bachelor Professional im Uhrmacher-Handwerk"
"700";"Umwelt-Auditor/in"
"700";"Umweltanalytiker/in"
"301";"Umweltinformatik (grundständig)"
"302";"Umweltinformatik (weiterführend)"
"403";"Umweltinformatiker/in"
"700";"Umweltmanagementbeauftragte/r"
"102";"Umweltschutztechnische/r Assistent/in"
"301";"Umwelttechnik (grundständig)"
"302";"Umwelttechnik (weiterführend)"
"101";"Umwelttechnologe/-technologin - Abwasserbewirtschaftung"
"101";"Umwelttechnologe/-technologin - Kreislauf- und Abfallwirtschaft"
"101";"Umwelttechnologe/-technologin - Rohrleitungsnetze und Industrieanlagen"
"101";"Umwelttechnologe/-technologin - Wasserversorgung"
"301";"Umweltwissenschaft (grundständig)"
"302";"Umweltwissenschaft (weiterführend)"
"403";"Umweltwissenschaftler/in"
"700";"Underwriter (Versicherung)"
"403";"Unternehmensberater/in"
"301";"Unternehmensberatung (grundständig)"
"302";"Unternehmensberatung (weiterführend)"
"301";"Unternehmensführung, Management (grundständig)"
"302";"Unternehmensführung, Management (weiterführend)"
"700";"Venture-Capitalist"
"101";"Veranstaltungskaufmann/-frau"
"301";"Veranstaltungstechnik (grundständig)"
"302";"Veranstaltungstechnik (weiterführend)"
"700";"Verbraucherberater/in"
"700";"Vereins-/Verbandsgeschäftsführer/in"
"700";"Vereins-/Verbandsmitarbeiter/in"
"101";"Verfahrensmechaniker/in - Beschichtungstechnik"
"101";"Verfahrensmechaniker/in - Brillenoptik"
"101";"Verfahrensmechaniker/in - Glastechnik"
"101";"Verfahrensmechaniker/in - Steine- und Erdenindustrie - Asphalttechnik"
"101";"Verfahrensmechaniker/in - Steine- und Erdenindustrie - Baustoffe"
"101";"Verfahrensmechaniker/in - Steine- und Erdenindustrie - Gipsplatten oder Faserzement"
"101";"Verfahrensmechaniker/in - Steine- und Erdenindustrie - Kalksandsteine oder Porenbeton"
"101";"Verfahrensmechaniker/in - Steine- und Erdenindustrie - Transportbeton"
"101";"Verfahrensmechaniker/in - Steine- und Erdenindustrie - vorgefertigte Betonerzeugnisse"
"301";"Verfahrenstechnik (grundständig)"
"302";"Verfahrenstechnik (weiterführend)"
"101";"Verfahrenstechnologe/-technologin - Mühlen- und Getreidewirtschaft - Agrarlager"
"101";"Verfahrenstechnologe/-technologin - Mühlen- und Getreidewirtschaft - Müllerei"
"101";"Verfahrenstechnologe/-technologin Metall - Eisen- und Stahlmetallurgie"
"101";"Verfahrenstechnologe/-technologin Metall - Nichteisenmetallumformung"
"101";"Verfahrenstechnologe/-technologin Metall - Nichteisenmetallurgie"
"101";"Verfahrenstechnologe/-technologin Metall - Stahlumformung"
"700";"Vergabemanager/in"
"101";"Vergolder/in"
"401";"Vergoldermeister/in/Bachelor Professional im Vergolder-Handwerk"
"700";"Verhaltensforscher/in"
"700";"Verhaltenstherapeut/in"
"700";"Verhaltenstrainer/in, Kommunikationstrainer/in"
"700";"Verkaufsaufsicht"
"700";"Verkaufsberater/in"
"700";"Verkaufsfahrer/in"
"700";"Verkaufsgärtner/in"
"204";"Verkaufsleiter/in im Lebensmittelhandwerk"
"700";"Verkaufssachbearbeiter/in"
"700";"Verkaufstrainer/in"
"301";"Verkehrsbetriebswirtschaft (grundständig)"
"302";"Verkehrsbetriebswirtschaft (weiterführend)"
"301";"Verkehrsingenieurwesen (grundständig)"
"302";"Verkehrsingenieurwesen (weiterführend)"
"700";"Verkehrsleiter/in - Kraftverkehrsunternehmen"
"105";"Verkehrspilot/in - Flugzeuge (ATPL (A))"
"700";"Verkehrsplaner/in"
"403";"Verkehrspsychologe/-psychologin"
"105";"Verkehrsüberwacher/in / Hilfspolizist/in"
"101";"Verkäufer/in"
"700";"Verleger/in (Medien, Musik)"
"403";"Vermessungsingenieur/in"
"301";"Vermessungstechnik (grundständig)"
"302";"Vermessungstechnik (weiterführend)"
"101";"Vermessungstechniker/in - Bergvermessung"
"101";"Vermessungstechniker/in - Vermessung"
"700";"Vermietassistent/in (Kfz)"
"700";"Vermittler/in"
"301";"Verpackungstechnik (grundständig)"
"302";"Verpackungstechnik (weiterführend)"
"700";"Versicherungsberater/in"
"301";"Versicherungsbetriebswirtschaft (grundständig)"
"302";"Versicherungsbetriebswirtschaft (weiterführend)"
"700";"Versicherungskalkulator/in"
"700";"Versicherungsmakler/in"
"700";"Versicherungsprüfer/in"
"700";"Versicherungssachbearbeiter/in"
"301";"Versorgungstechnik (grundständig)"
"302";"Versorgungstechnik (weiterführend)"
"700";"Vertragsberater/in"
"700";"Vertriebsassistent/in"
"700";"Vertriebsberater/in"
"403";"Vertriebsingenieur/in"
"700";"Vertriebstechniker/in"
"700";"Verwaltungsangestellte/r - Krankenkassen, Krankenhäuser, Kliniken"
"700";"Verwaltungsangestellte/r - gehobener Dienst"
"700";"Verwaltungsangestellte/r - höherer Dienst"
"101";"Verwaltungsfachangestellte/r - Bundesverwaltung"
"101";"Verwaltungsfachangestellte/r - HWK und IHK"
"101";"Verwaltungsfachangestellte/r - Kirchenverwaltung - evangelische Kirche"
"700";"Verwaltungsfachangestellte/r - Kirchenverwaltung - katholische Kirche"
"101";"Verwaltungsfachangestellte/r - Kommunalverwaltung"
"101";"Verwaltungsfachangestellte/r - Landesverwaltung"
"301";"Verwaltungsinformatik (grundständig)"
"302";"Verwaltungsinformatik (weiterführend)"
"403";"Verwaltungsinformatiker/in"
"301";"Verwaltungsmanagement, Public Management (grundständig)"
"302";"Verwaltungsmanagement, Public Management (weiterführend)"
"403";"Verwaltungswirt/in / Verwaltungsbetriebswirt/in"
"403";"Verwaltungswissenschaftler/in"
"105";"Video-Journalist/in"
"700";"Virtual/Augmented Reality-Entwickler/in"
"700";"Visagist/in"
"205";"Visuelle/r Designer/in digital und print"
"403";"Volkswirt/in"
"301";"Volkswirtschaftslehre (grundständig)"
"302";"Volkswirtschaftslehre (weiterführend)"
"700";"Vollziehungsbeamter/-beamtin"
"700";"Vorarbeiter/in - Aus- und Trockenbau"
"700";"Vorarbeiter/in - Berg- und Tagebau"
"700";"Vorarbeiter/in - Bodenverlegung"
"700";"Vorarbeiter/in - Fahrzeuglackierung"
"700";"Vorarbeiter/in - Gartenbau"
"700";"Vorarbeiter/in - Glasherstellung"
"700";"Vorarbeiter/in - Hochbau"
"700";"Vorarbeiter/in - Holzbe- und -verarbeitung"
"700";"Vorarbeiter/in - Industriekeramik"
"700";"Vorarbeiter/in - Kunststoff- und Kautschukherstellung"
"700";"Vorarbeiter/in - Lagerwirtschaft, Güter- und Warenumschlag"
"700";"Vorarbeiter/in - Landwirtschaft"
"700";"Vorarbeiter/in - Maler- und Lackiererarbeiten"
"700";"Vorarbeiter/in - Metallbau"
"700";"Vorarbeiter/in - Metallbearbeitung"
"700";"Vorarbeiter/in - Reinigung"
"700";"Vorarbeiter/in - Sanitär-, Heizungs- und Klimatechnik"
"700";"Vorarbeiter/in - Steinbearbeitung"
"700";"Vorarbeiter/in - Textiltechnik und -produktion"
"700";"Vorarbeiter/in - Tiefbau"
"700";"Vorarbeiter/in - Ver- und Entsorgung"
"700";"Vortragskünstler/in"
"700";"Wachleiter/in - Rettungsdienst"
"401";"Wachsziehermeister/in/Bachelor Professional im Wachszieher-Handwerk"
"700";"Wagenmeister/in (Schienenverkehr)"
"700";"Wahrsager/in"
"301";"Waldorfpädagogik (grundständig)"
"302";"Waldorfpädagogik (weiterführend)"
"700";"Warengruppenleiter/in"
"700";"Wartungs- und Servicetechniker/in - Maschinenbau"
"301";"Wasser- und Bodenmanagement, Wassertechnologie (grundständig)"
"302";"Wasser- und Bodenmanagement, Wassertechnologie (weiterführend)"
"101";"Wasserbauer/in"
"202";"Wasserbaumeister/in"
"202";"Wassermeister/in"
"700";"Wassersportlehrer/in"
"700";"Web Developer"
"205";"Webdesigner/in"
"700";"Weihnachtsmann/-frau"
"301";"Weinbau, Önologie (grundständig)"
"302";"Weinbau, Önologie (weiterführend)"
"700";"Weinbauberater/in"
"401";"Weinküfermeister/in/Bachelor Professional im Weinküfer-Handwerk"
"101";"Weintechnologe/-technologin"
"205";"Wellnessberater/in"
"700";"Werbeleiter/in"
"700";"Werbetexter/in"
"301";"Werbung, Marketingkommunikation (grundständig)"
"302";"Werbung, Marketingkommunikation (weiterführend)"
"700";"Werk-/Betriebsmeister/in"
"101";"Werkfeuerwehrmann/-frau"
"101";"Werkgehilfe/-gehilfin - Schmuckwarenindustrie, Taschen- und Armbanduhren"
"205";"Werkpolier/in - Hochbau"
"205";"Werkpolier/in - Tiefbau"
"700";"Werkschutzleiter/in"
"700";"Werkstattleiter/in"
"401";"Werkstein- und Terrazzoherstellermeister/in/Bachelor Professional im Werkstein- und Terrazzohersteller-Handwerk"
"101";"Werksteinhersteller/in"
"101";"Werkstoffprüfer/in - Kunststofftechnik"
"101";"Werkstoffprüfer/in - Metalltechnik"
"101";"Werkstoffprüfer/in - Systemtechnik"
"101";"Werkstoffprüfer/in - Wärmebehandlungstechnik"
"301";"Werkstoffwissenschaft, -technik (grundständig)"
"302";"Werkstoffwissenschaft, -technik (weiterführend)"
"101";"Werkzeugmechaniker/in"
"700";"Wertpapieranalyst/in"
"700";"Wertpapiersachbearbeiter/in"
"700";"Wett- und Lotterieannehmer/in"
"700";"Wildheger/in"
"700";"Windparkmanager/in"
"101";"Winzer/in"
"202";"Winzermeister/in"
"401";"Wirtschafter/in - Gartenbau/Bachelor Professional in Agrarwirtschaft"
"401";"Wirtschafter/in - Hauswirtschaft/Bachelor Professional in Agrarwirtschaft"
"401";"Wirtschafter/in - Landwirtschaft/Bachelor Professional in Agrarwirtschaft"
"401";"Wirtschafter/in - Milchwirtschaft und Molkereiwesen/Bachelor Professional in Agrarwirtschaft"
"401";"Wirtschafter/in - Weinbau/Bachelor Professional in Agrarwirtschaft"
"301";"Wirtschaftschemie (grundständig)"
"302";"Wirtschaftschemie (weiterführend)"
"403";"Wirtschaftschemiker/in"
"700";"Wirtschaftsethiker/in"
"204";"Wirtschaftsförderer/-förderin"
"204";"Wirtschaftsförderer/-förderin (Weiterbildung)"
"301";"Wirtschaftsinformatik (grundständig)"
"302";"Wirtschaftsinformatik (weiterführend)"
"401";"Wirtschaftsinformatiker/in (Fachschule)/Bachelor Professional in Wirtschaft"
"403";"Wirtschaftsinformatiker/in (Hochschule)"
"403";"Wirtschaftsingenieur/in"
"301";"Wirtschaftsingenieurwesen (grundständig)"
"302";"Wirtschaftsingenieurwesen (weiterführend)"
"403";"Wirtschaftsjurist/in"
"403";"Wirtschaftsmathematiker/in"
"301";"Wirtschaftsphysik (grundständig)"
"302";"Wirtschaftsphysik (weiterführend)"
"403";"Wirtschaftsphysiker/in"
"404";"Wirtschaftsprüfer/in"
"403";"Wirtschaftspsychologe/-psychologin"
"301";"Wirtschaftspsychologie (grundständig)"
"302";"Wirtschaftspsychologie (weiterführend)"
"403";"Wirtschaftspädagoge/-pädagogin"
"301";"Wirtschaftspädagogik (grundständig)"
"302";"Wirtschaftspädagogik (weiterführend)"
"301";"Wirtschaftsrecht (grundständig)"
"302";"Wirtschaftsrecht (weiterführend)"
"301";"Wirtschaftswissenschaften (grundständig)"
"302";"Wirtschaftswissenschaften (weiterführend)"
"105";"Wirtschaftsübersetzer/in"
"700";"Wissenschaftliche/r Mitarbeiter/in"
"700";"Wissensmanager/in"
"700";"Workforce-Manager/in"
"700";"Wundmanager/in"
"101";"Wärme-, Kälte- und Schallschutzisolierer/in"
"401";"Wärme-, Kälte- und Schallschutzisolierermeister/in/Bachelor Professional im Wärme-, Kälte- und Schallschutzisolierer-Handwerk"
"105";"Yogalehrer/in"
"403";"Zahnarzt/-ärztin"
"700";"Zahnarztsekretär/in"
"301";"Zahnmedizin (grundständig)"
"302";"Zahnmedizin (weiterführend)"
"101";"Zahnmedizinische/r Fachangestellte/r"
"205";"Zahnmedizinische/r Fachassistent/in"
"205";"Zahnmedizinische/r Prophylaxeassistent/in"
"205";"Zahnmedizinische/r Verwaltungsassistent/in"
"101";"Zahntechniker/in"
"401";"Zahntechnikermeister/in/Bachelor Professional im Zahntechniker-Handwerk"
"700";"Zauberer/Zauberin"
"101";"Zerspanungsmechaniker/in"
"101";"Zimmerer/Zimmerin"
"205";"Zimmerer/Zimmerin - Restaurierungsarbeiten"
"401";"Zimmerermeister/in/Bachelor Professional im Zimmerer-Handwerk"
"700";"Zulassungsbeauftragte/r"
"101";"Zupfinstrumentenmacher/in - Gitarrenbau"
"101";"Zupfinstrumentenmacher/in - Harfenbau"
"401";"Zupfinstrumentenmachermeister/in/Bachelor Professional im Zupfinstrumentenmacher-Handwerk"
"205";"Zweirad-Servicetechniker/in - motorisierte Zweiradtechnik"
"205";"Zweirad-Servicetechniker/in - nichtmotorisierte Zweiradtechnik"
"401";"Zweiradmechanikermeister/in/Bachelor Professional im Zweiradmechaniker-Handwerk"
"101";"Zweiradmechatroniker/in - Fahrradtechnik"
"101";"Zweiradmechatroniker/in - Motorradtechnik"
"205";"Zweite/r Technische/r Schiffsoffizier/in"
"105";"Zytologieassistent/in"
"700";"Zählerableser/in"
"403";"Ägyptologe/Ägyptologin"
"301";"Ägyptologie (grundständig)"
"302";"Ägyptologie (weiterführend)"
"101";"Änderungsschneider/in"
"301";"Öffentliches Recht (grundständig)"
"302";"Öffentliches Recht (weiterführend)"
"403";"Ökonom/in"
"403";"Ökotrophologe/Ökotrophologin"
"403";"Önologe/Önologin"
"301";"Übersetzen (grundständig)"
"302";"Übersetzen (weiterführend)"
"403";"Übersetzer/in"
"105";"Übersetzer/in (Ausbildung)"
"205";"Übersetzer/in (Weiterbildung)"
