"Kennziffer";"Berufsgruppe";"Gültig"
"0";"Militär";"J"
"01";"Angehörige der regulären Streitkräfte";"J"
"011";"Offiziere";"J"
"0110";"Offiziere";"J"
"01104";"Offiziere";"J"
"012";"Unteroffiziere mit Portepee";"J"
"0120";"Unteroffiziere mit Portepee";"J"
"01203";"Unteroffiziere mit Portepee";"J"
"013";"Unteroffiziere ohne Portepee";"J"
"0130";"Unteroffiziere ohne Portepee";"J"
"01302";"Unteroffiziere ohne Portepee";"J"
"014";"Angehörige der regulären Streitkräfte in sonstigen Rängen";"J"
"0140";"Angehörige der regulären Streitkräfte in sonstigen Rängen";"J"
"01402";"Angehörige der regulären Streitkräfte in sonstigen Rängen";"J"
"1";"Land-, Forst- & Tierwirtschaft & Gartenbau";"J"
"11";"Land-, Tier- & Forstwirtschaftsberufe";"J"
"111";"Landwirtschaft";"J"
"1110";"Berufe Landwirtschaft (o.Spez.)";"J"
"11101";"Berufe Landwirtschaft (o.Spez.)-Helf./Anlerntät.";"J"
"11102";"Berufe Landwirtschaft (o.Spez.)-fachl.ausg.Tät.";"J"
"11103";"Berufe Landwirtschaft (o.Spez.)-kompl.Spez.tät.";"J"
"11104";"Berufe Landwirtschaft (o.Spez.)-hoch kompl.Tät.";"J"
"1111";"Berufe Landtechnik";"J"
"11113";"Berufe Landtechnik-kompl.Spez.tät.";"J"
"11114";"Berufe Landtechnik-hoch kompl.Tät.";"J"
"1112";"Landwirtschaftliche Sachverständige";"J"
"11123";"Landwirtschaftliche Sachverständige-kompl.Spez.tät.";"J"
"11124";"Landwirtschaftliche Sachverständige-hoch kompl.Tät.";"J"
"1113";"Berufe landwirtschaftl.-technisches Labor";"J"
"11132";"Berufe landwirtschaftl.-technisches Labor-fachl.ausg.Tät.";"J"
"11133";"Berufe landwirtschaftl.-technisches Labor-kompl.Spez.tät.";"J"
"1118";"Berufe Landwirtschaft (sonst.spez.Tät.)";"J"
"11182";"Berufe Landwirtschaft (sonst.spez.Tät.)-fachl. ausger.Tät.";"J"
"11183";"Berufe Landwirtschaft (sonst.spez.Tät.)-kompl.Spez.tät.";"J"
"11184";"Berufe Landwirtschaft (sonst.spez.Tät.)-hoch kompl.Tät.";"J"
"1119";"Aufsichts- & Führungskr.-Landwirtschaft";"J"
"11193";"Aufsichtskr.-Landwirtschaft";"J"
"11194";"Führungskr.-Landwirtschaft";"J"
"112";"Tierwirtschaft";"J"
"1121";"Berufe Nutztierhaltung (auß. Geflügelhalt.)";"J"
"11211";"Berufe Nutztierhaltung (auß. Geflügelhalt.)-Helf./Anlerntät.";"J"
"11212";"Berufe Nutztierhaltung (auß. Geflügelhalt.)-fachl.ausg.Tät.";"J"
"11213";"Berufe Nutztierhaltung (auß. Geflügelhalt.)-kompl.Spez.tät.";"J"
"11214";"Berufe Nutztierhaltung (auß. Geflügelhalt.)-hoch kompl.Tät.";"J"
"1122";"Berufe Geflügelhaltung";"J"
"11222";"Berufe Geflügelhaltung-fachl.ausg.Tät.";"J"
"11223";"Berufe Geflügelhaltung-kompl.Spez.tät.";"J"
"1123";"Berufe Imkerei";"J"
"11232";"Berufe Imkerei-fachl.ausg.Tät.";"J"
"11233";"Berufe Imkerei-kompl.Spez.tät.";"J"
"1128";"Berufe Tierwirtschaft (sonst.spez.Tät.)";"J"
"11282";"Berufe Tierwirtschaft (sonst.spez.Tät.)-fachl.ausg.Tät.";"J"
"11283";"Berufe Tierwirtschaft (sonst.spez.Tät.)-kompl.Spez.tät.";"J"
"1129";"Aufsichts- & Führungskr.-Tierwirtschaft";"J"
"11293";"Aufsichtskr.-Tierwirtschaft";"J"
"11294";"Führungskr.-Tierwirtschaft";"J"
"113";"Pferdewirtschaft";"J"
"1130";"Berufe Pferdewirtschaft (o.Spez.)";"J"
"11302";"Berufe Pferdewirtschaft (o.Spez.)-fachl.ausg.Tät.";"J"
"1131";"Berufe Pferdewirtschaft-Pferdezucht";"J"
"11312";"Berufe Pferdewirtschaft-Pferdezucht-fachl.ausg.Tät.";"J"
"1132";"Berufe Pferdewirtschaft-Reiten";"J"
"11322";"Berufe Pferdewirtschaft-Reiten-fachl.ausg.Tät.";"J"
"1133";"Hufbeschlagschmiede/-schmiedinnen";"J"
"11333";"Hufbeschlagschmiede/-schmiedinnen-kompl.Spez.tät.";"J"
"1134";"Kutscher/innen";"J"
"11342";"Kutscher/innen-fachl.ausg.Tät.";"J"
"1139";"Aufsichts- & Führungskr.-Pferdewirtschaft";"J"
"11393";"Aufsichtskr.-Pferdewirtschaft";"J"
"11394";"Führungskr.-Pferdewirtschaft";"J"
"114";"Fischwirtschaft";"J"
"1140";"Berufe Fischwirtschaft (o.Spez.)";"J"
"11401";"Berufe Fischwirtschaft (o.Spez.)-Helf./Anlerntät.";"J"
"11402";"Berufe Fischwirtschaft (o.Spez.)-fachl.ausg.Tät.";"J"
"1141";"Berufe Fischzucht";"J"
"11412";"Berufe Fischzucht-fachl.ausg.Tät.";"J"
"1142";"Berufe Fischerei";"J"
"11422";"Berufe Fischerei-fachl.ausg.Tät.";"J"
"11423";"Berufe Fischerei-kompl.Spez.tät.";"J"
"11424";"Berufe Fischerei-hoch kompl.Tät.";"J"
"1149";"Aufsichts- & Führungskr.-Fischwirtschaft";"J"
"11493";"Aufsichtskr.-Fischwirtschaft";"J"
"11494";"Führungskr.-Fischwirtschaft";"J"
"115";"Tierpflege";"J"
"1150";"Berufe Tierpflege (o.Spez.)";"J"
"11501";"Berufe Tierpflege (o.Spez.)-Helf./Anlerntät.";"J"
"11502";"Berufe Tierpflege (o.Spez.)-fachl.ausg.Tät.";"J"
"1151";"Berufe Nutztierpflege";"J"
"11512";"Berufe Nutztierpflege-fachl.ausg.Tät.";"J"
"1152";"Berufe Haus- & Zootierpflege";"J"
"11522";"Berufe Haus- & Zootierpflege-fachl.ausg.Tät.";"J"
"1158";"Berufe Tierpflege (sonst.spez.Tät.)";"J"
"11582";"Berufe Tierpflege (sonst.spez.Tät.)-fachl.ausg.Tät.";"J"
"1159";"Aufsichts- & Führungskr.-Tierpflege";"J"
"11593";"Aufsichtskr.-Tierpflege";"J"
"11594";"Führungskr.-Tierpflege";"J"
"116";"Weinbau";"J"
"1160";"Berufe Weinbau";"J"
"11602";"Berufe Weinbau-fachl.ausg.Tät.";"J"
"11603";"Berufe Weinbau-kompl.Spez.tät.";"J"
"11604";"Berufe Weinbau-hoch kompl.Tät.";"J"
"1169";"Aufsichts- & Führungskr.-Weinbau";"J"
"11693";"Aufsichtskr.-Weinbau";"J"
"11694";"Führungskr.-Weinbau";"J"
"117";"Forst- & Jagdwirtschaft, Landschaftspflege";"J"
"1171";"Berufe Forstwirtschaft";"J"
"11711";"Berufe Forstwirtschaft-Helf./Anlerntät.";"J"
"11712";"Berufe Forstwirtschaft-fachl.ausg.Tät.";"J"
"11713";"Berufe Forstwirtschaft-kompl.Spez.tät.";"J"
"11714";"Berufe Forstwirtschaft-hoch kompl.Tät.";"J"
"1172";"Berufe Natur- & Landschaftspflege";"J"
"11722";"Berufe Natur- & Landschaftspflege-fachl.ausg.Tät.";"J"
"11723";"Berufe Natur- & Landschaftspflege-kompl.Spez.tät.";"J"
"11724";"Berufe Natur- & Landschaftspflege-hoch kompl.Tät.";"J"
"1173";"Berufe Jagdwirtschaft & Wildhege";"J"
"11732";"Berufe Jagdwirtschaft & Wildhege-fachl.ausg.Tät.";"J"
"1174";"Sammeln & Gewinnen v.Pflanz.& and.Naturprod.";"J"
"11742";"Sammeln & Gewinnen v.Pflanz.& and.Naturprod.-fachl.ausg.Tät.";"J"
"1179";"Aufsichts- & Führungskr.-Forst- & Jagdw., Landschaftspflege";"J"
"11793";"Aufsichtskr.-Forst- & Jagdw., Landschaftspflege";"J"
"11794";"Führungskr.-Forst- & Jagdw., Landschaftspflege";"J"
"12";"Gartenbauberufe & Floristik";"J"
"121";"Gartenbau";"J"
"1210";"Berufe Gartenbau (o.Spez.)";"J"
"12101";"Berufe Gartenbau (o.Spez.)-Helf./Anlerntät.";"J"
"12102";"Berufe Gartenbau (o.Spez.)-fachl.ausg.Tät.";"J"
"12103";"Berufe Gartenbau (o.Spez.)-kompl.Spez.tät.";"J"
"12104";"Berufe Gartenbau (o.Spez.)-hoch kompl.Tät.";"J"
"1211";"Berufe Obst- & Gemüsebau";"J"
"12112";"Berufe Obst- & Gemüsebau-fachl.ausg.Tät.";"J"
"12113";"Berufe Obst- & Gemüsebau-kompl.Spez.tät.";"J"
"1212";"Berufe Baumsch., Staudengärt.&Zierpflanzenb.";"J"
"12122";"Berufe Baumsch., Staudengärt.&Zierpflanzenb.-fachl.ausg.Tät.";"J"
"12123";"Berufe Baumsch., Staudengärt.&Zierpflanzenb.-kompl.Spez.tät.";"J"
"1213";"Berufe Friedhofsgärtnerei";"J"
"12132";"Berufe Friedhofsgärtnerei-fachl.ausg.Tät.";"J"
"12133";"Berufe Friedhofsgärtnerei-kompl.Spez.tät.";"J"
"1214";"Berufe Garten-, Landschafts- & Sportplatzbau";"J"
"12142";"Berufe Garten-, Landschafts- & Sportplatzbau-fachl.ausg.Tät.";"J"
"12143";"Berufe Garten-, Landschafts- & Sportplatzbau-kompl.Spez.tät.";"J"
"12144";"Berufe Garten-, Landschafts- & Sportplatzbau-hoch kompl.Tät.";"J"
"1219";"Aufsichts- & Führungskr.-Gartenbau";"J"
"12193";"Aufsichtskr.-Gartenbau";"J"
"12194";"Führungskr.-Gartenbau";"J"
"122";"Floristik";"J"
"1220";"Berufe Floristik";"J"
"12202";"Berufe Floristik-fachl.ausg.Tät.";"J"
"12203";"Berufe Floristik-kompl.Spez.tät.";"J"
"1229";"Aufsichts- & Führungskr.-Floristik";"J"
"12293";"Aufsichtskr.-Floristik";"J"
"12294";"Führungskr.-Floristik";"J"
"2";"Rohstoffgewinnung, Produktion & Fertigung";"J"
"21";"Rohstoffgewin.&-aufber., Glas-& Keramikherst.&-verarbeitung";"J"
"211";"Berg-, Tagebau & Sprengtechnik";"J"
"2111";"Berufe Berg- & Tagebau";"J"
"21111";"Berufe Berg- & Tagebau-Helf./Anlerntät.";"J"
"21112";"Berufe Berg- & Tagebau-fachl.ausg.Tät.";"J"
"21113";"Berufe Berg- & Tagebau-kompl.Spez.tät.";"J"
"21114";"Berufe Berg- & Tagebau-hoch kompl.Tät.";"J"
"2112";"Berufe Sprengtechnik";"J"
"21122";"Berufe Sprengtechnik-fachl.ausg.Tät.";"J"
"21123";"Berufe Sprengtechnik-kompl.Spez.tät.";"J"
"21124";"Berufe Sprengtechnik-hoch kompl.Tät.";"J"
"2119";"Aufsichts- & Führungskr.-Berg- & Tagebau & Sprengtechnik";"J"
"21193";"Aufsichtskr.-Berg- & Tagebau & Sprengtechnik";"J"
"21194";"Führungskr.-Berg- & Tagebau & Sprengtechnik";"J"
"212";"Naturstein-& Mineralaufbereit. &-verarbeit. & Baustoffherst.";"J"
"2120";"Berufe Mineralaufb.&-ver.&Baustoffh.(o.Spez.)";"J"
"21201";"Berufe Mineralaufb.&-ver.&Baustoffh.(o.Spez.)-Helf./Anlernt.";"J"
"2121";"Berufe Naturstein- & Mineralaufbereitung";"J"
"21212";"Berufe Naturstein- & Mineralaufbereitung-fachl.ausg.Tät.";"J"
"21213";"Berufe Naturstein- & Mineralaufbereitung-kompl.Spez.tät.";"J"
"2122";"Berufe Baustoffherstellung";"J"
"21222";"Berufe Baustoffherstellung-fachl.ausg.Tät.";"J"
"21223";"Berufe Baustoffherstellung-kompl.Spez.tät.";"J"
"2123";"Berufe Steinmetztechnik";"J"
"21232";"Berufe Steinmetztechnik-fachl.ausg.Tät.";"J"
"21233";"Berufe Steinmetztechnik-kompl.Spez.tät.";"J"
"2129";"Aufsichtskr.-Naturstein-&Mineralaufber.&-verarb.&Baustoffh.";"J"
"21293";"Aufsichtskr.-Naturstein-&Mineralaufber.&-verarb.&Baustoffh.";"J"
"213";"Industrielle Glasherstellung & -verarbeitung";"J"
"2131";"Berufe Glasherstellung";"J"
"21311";"Berufe Glasherstellung-Helf./Anlerntät.";"J"
"21312";"Berufe Glasherstellung-fachl.ausg.Tät.";"J"
"21313";"Berufe Glasherstellung-kompl.Spez.tät.";"J"
"2132";"Berufe Glasapparatebau";"J"
"21322";"Berufe Glasapparatebau-fachl.ausg.Tät.";"J"
"21323";"Berufe Glasapparatebau-kompl.Spez.tät.";"J"
"2133";"Berufe industrielle Glasbläserei";"J"
"21332";"Berufe industrielle Glasbläserei-fachl.ausg.Tät.";"J"
"2134";"Berufe Glasveredelung";"J"
"21342";"Berufe Glasveredelung-fachl.ausg.Tät.";"J"
"2135";"Berufe Glasapparatejustierung";"J"
"21352";"Berufe Glasapparatejustierung-fachl.ausg.Tät.";"J"
"2136";"Berufe Feinoptik";"J"
"21362";"Berufe Feinoptik-fachl.ausg.Tät.";"J"
"21363";"Berufe Feinoptik-kompl.Spez.tät.";"J"
"2139";"Aufsichtskr.-Industrielle Glasherstellung & -verarbeitung";"J"
"21393";"Aufsichtskr.-Industrielle Glasherstellung & -verarbeitung";"J"
"214";"Industrielle Keramikherstellung & -verarbeitung";"J"
"2141";"Berufe Industrieker. (Verf.-&Anlagentech.)";"J"
"21411";"Berufe Industrieker. (Verf.-&Anlagentech.)-Helf./Anlerntät.";"J"
"21412";"Berufe Industrieker. (Verf.-&Anlagentech.)-fachl.ausg.Tät.";"J"
"21413";"Berufe Industrieker. (Verf.-&Anlagentech.)-kompl.Spez.tät.";"J"
"2142";"Berufe Industriekeramik (Modelltechnik)";"J"
"21422";"Berufe Industriekeramik (Modelltechnik)-fachl.ausg.Tät.";"J"
"21423";"Berufe Industriekeramik (Modelltechnik)-kompl.Spez.tät.";"J"
"2149";"Aufsichtskr.-Industrielle Keramikherstellung & -verarbeitung";"J"
"21493";"Aufsichtskr.-Industrielle Keramikherstellung & -verarbeitung";"J"
"22";"Kunststoffherstellung & -verarbeitung, Holzbe-&-verarbeitung";"J"
"221";"Kunststoff- & Kautschukherstellung & -verarbeitung";"J"
"2210";"Berufe Kunststoff-& Kautschukher.(o.Spez.)";"J"
"22101";"Berufe Kunststoff-& Kautschukher.(o.Spez.)-Helf./Anlerntät.";"J"
"22102";"Berufe Kunststoff-& Kautschukher.(o.Spez.)-fachl.ausg.Tät.";"J"
"22103";"Berufe Kunststoff-& Kautschukher.(o.Spez.)-kompl.Spez.tät.";"J"
"22104";"Berufe Kunststoff-& Kautschukher.(o.Spez.)-hoch kompl.Tät.";"J"
"2211";"Berufe Reifen- & Vulkanisationstechnik";"J"
"22112";"Berufe Reifen- & Vulkanisationstechnik-fachl.ausg.Tät.";"J"
"2218";"Berufe Kunstst.&Kautschukh.&-ver.(s.sp.Tät.)";"J"
"22182";"Berufe Kunstst.&Kautschukh.&-ver.(s.sp.Tät.)-fachl.ausg.Tät.";"J"
"22183";"Berufe Kunstst.&Kautschukh.&-ver.(s.sp.Tät.)-kompl.Spez.tät.";"J"
"22184";"Berufe Kunstst.&Kautschukh.&-ver.(s.sp.Tät.)-hoch kompl.Tät.";"J"
"2219";"Aufsichtskr.-Kunststoff-&Kautschukherstellung &-verarbeitung";"J"
"22193";"Aufsichtskr.-Kunststoff-&Kautschukherstellung &-verarbeitung";"J"
"222";"Farb- & Lacktechnik";"J"
"2220";"Berufe Farb- & Lacktechnik (o.Spez.)";"J"
"22201";"Berufe Farb- & Lacktechnik (o.Spez.)-Helf./Anlerntät.";"J"
"22202";"Berufe Farb- & Lacktechnik (o.Spez.)-fachl.ausg.Tät.";"J"
"22203";"Berufe Farb- & Lacktechnik (o.Spez.)-kompl.Spez.tät.";"J"
"22204";"Berufe Farb- & Lacktechnik (o.Spez.)-hoch kompl.Tät.";"J"
"2221";"Berufe Fahrzeuglackierung";"J"
"22212";"Berufe Fahrzeuglackierung-fachl.ausg.Tät.";"J"
"2222";"Berufe Lacklaboratorium";"J"
"22222";"Berufe Lacklaboratorium-fachl.ausg.Tät.";"J"
"2229";"Aufsichtskr.-Farb- & Lacktechnik";"J"
"22293";"Aufsichtskr.-Farb- & Lacktechnik";"J"
"223";"Holzbe- & -verarbeitung";"J"
"2230";"Berufe Holzbe- & -verarbeitung (o.Spez.)";"J"
"22301";"Berufe Holzbe- & -verarbeitung (o.Spez.)-Helf./Anlerntät.";"J"
"22302";"Berufe Holzbe- & -verarbeitung (o.Spez.)-fachl.ausg.Tät.";"J"
"22303";"Berufe Holzbe- & -verarbeitung (o.Spez.)-kompl.Spez.tät.";"J"
"22304";"Berufe Holzbe- & -verarbeitung (o.Spez.)-hoch kompl.Tät.";"J"
"2231";"Berufe Holztrocknung & -konservierung";"J"
"22312";"Berufe Holztrocknung & -konservierung-fachl.ausg.Tät.";"J"
"2232";"Berufe Prod. v. Holzwerkstoffen & -bauteilen";"J"
"22322";"Berufe Prod. v. Holzwerkstoffen & -bauteilen-fachl.ausg.Tät.";"J"
"2233";"Berufe Prod. v. Fertigprod. Holz&Holzwerkst.";"J"
"22332";"Berufe Prod. v. Fertigprod. Holz&Holzwerkst.-fachl.ausg.Tät.";"J"
"22333";"Berufe Prod. v. Fertigprod. Holz&Holzwerkst.-kompl.Spez.tät.";"J"
"2234";"Berufe Holz-, Möbel- & Innenausbau";"J"
"22342";"Berufe Holz-, Möbel- & Innenausbau-fachl.ausg.Tät.";"J"
"22343";"Berufe Holz-, Möbel- & Innenausbau-kompl.Spez.tät.";"J"
"2235";"Flechtwerkgestalt., Bürsten- & Pinselmacher";"J"
"22352";"Flechtwerkgestalt., Bürsten- & Pinselmacher.-fachl.ausg.Tät.";"J"
"2238";"Berufe Holzbe-& verarbeit. (sonst.spez.Tät.)";"J"
"22382";"Berufe Holzbe-& verarbeit. (sonst.spez.Tät.)-fachl.ausg.Tät.";"J"
"2239";"Aufsichts- & Führungskr.-Holzbe- & -verarbeitung";"J"
"22393";"Aufsichtskr.-Holzbe- & -verarbeitung";"J"
"22394";"Führungskr.-Holzbe- & -verarbeitung";"J"
"23";"Papier- & Druckberufe, technische Mediengestaltung";"J"
"231";"Papier- & Verpackungstechnik";"J"
"2310";"Berufe Papier- & Verpackungstech. (o.Spez.)";"J"
"23101";"Berufe Papier- & Verpackungstech. (o.Spez.)-Helf./Anlerntät.";"J"
"2311";"Berufe Papierherstellung";"J"
"23112";"Berufe Papierherstellung-fachl.ausg.Tät.";"J"
"23113";"Berufe Papierherstellung-kompl.Spez.tät.";"J"
"23114";"Berufe Papierherstellung-hoch kompl.Tät.";"J"
"2312";"Berufe Papierverarbeit. & Verpackungstechnik";"J"
"23122";"Berufe Papierverarbeit. & Verpackungstechnik-fachl.ausg.Tät.";"J"
"23123";"Berufe Papierverarbeit. & Verpackungstechnik-kompl.Spez.tät.";"J"
"23124";"Berufe Papierverarbeit. & Verpackungstechnik-hoch kompl.Tät.";"J"
"2319";"Aufsichtskr.-Papier- & Verpackungstechnik";"J"
"23193";"Aufsichtskr.-Papier- & Verpackungstechnik";"J"
"232";"Technische Mediengestaltung";"J"
"2321";"Berufe Digital- & Printmediengestaltung";"J"
"23212";"Berufe Digital- & Printmediengestaltung-fachl.ausg.Tät.";"J"
"23213";"Berufe Digital- & Printmediengestaltung-kompl.Spez.tät.";"J"
"2322";"Berufe Grafik-, Kommunikations- & Fotodesign";"J"
"23222";"Berufe Grafik-, Kommunikations- & Fotodesign-fachl.ausg.Tät.";"J"
"23223";"Berufe Grafik-, Kommunikations- & Fotodesign-kompl.Spez.tät.";"J"
"23224";"Berufe Grafik-, Kommunikations- & Fotodesign-hoch kompl.Tät.";"J"
"2328";"Berufe techn. Mediengest. (sonst.spez.Tät.)";"J"
"23282";"Berufe techn. Mediengest. (sonst.spez.Tät.)-fachl.ausg.Tät.";"J"
"2329";"Aufsichts- & Führungskr.-Technische Mediengestaltung";"J"
"23293";"Aufsichtskr.-Technische Mediengestaltung";"J"
"23294";"Führungskr.-Technische Mediengestaltung";"J"
"233";"Fototechnik & Fotografie";"J"
"2331";"Berufe Fototechnik";"J"
"23312";"Berufe Fototechnik-fachl.ausg.Tät.";"J"
"23313";"Berufe Fototechnik-kompl.Spez.tät.";"J"
"23314";"Berufe Fototechnik-hoch kompl.Tät.";"J"
"2332";"Berufe Fotografie";"J"
"23322";"Berufe Fotografie-fachl.ausg.Tät.";"J"
"2339";"Aufsichtskr.-Fototechnik & Fotografie";"J"
"23393";"Aufsichtskr.-Fototechnik & Fotografie";"J"
"234";"Drucktechnik & -weiterverarbeitung, Buchbinderei";"J"
"2341";"Berufe Drucktechnik";"J"
"23411";"Berufe Drucktechnik-Helf./Anlerntät.";"J"
"23412";"Berufe Drucktechnik-fachl.ausg.Tät.";"J"
"23413";"Berufe Drucktechnik-kompl.Spez.tät.";"J"
"23414";"Berufe Drucktechnik-hoch kompl.Tät.";"J"
"2342";"Berufe Buchbinderei & Druckweiterverarbeit.";"J"
"23422";"Berufe Buchbinderei & Druckweiterverarbeit.-fachl.ausg.Tät.";"J"
"23423";"Berufe Buchbinderei & Druckweiterverarbeit.-kompl.Spez.tät.";"J"
"2349";"Aufsichtskr.-Drucktechnik &-weiterverarbeitung, Buchbinderei";"J"
"23493";"Aufsichtskr.-Drucktechnik &-weiterverarbeitung, Buchbinderei";"J"
"24";"Metallerzeugung & -bearbeitung, Metallbauberufe";"J"
"241";"Metallerzeugung";"J"
"2410";"Berufe Metallerzeugung (o.Spez.)";"J"
"24101";"Berufe Metallerzeugung (o.Spez.)-Helf./Anlerntät.";"J"
"2411";"Berufe Hüttentechnik";"J"
"24112";"Berufe Hüttentechnik-fachl.ausg.Tät.";"J"
"24113";"Berufe Hüttentechnik-kompl.Spez.tät.";"J"
"24114";"Berufe Hüttentechnik-hoch kompl.Tät.";"J"
"2412";"Berufe Metallumformung";"J"
"24122";"Berufe Metallumformung-fachl.ausg.Tät.";"J"
"24123";"Berufe Metallumformung-kompl.Spez.tät.";"J"
"24124";"Berufe Metallumformung-hoch kompl.Tät.";"J"
"2413";"Berufe industrielle Gießerei";"J"
"24132";"Berufe industrielle Gießerei-fachl.ausg.Tät.";"J"
"24133";"Berufe industrielle Gießerei-kompl.Spez.tät.";"J"
"24134";"Berufe industrielle Gießerei-hoch kompl.Tät.";"J"
"2414";"Berufe handwerkl. Metall- & Glockengießerei";"J"
"24142";"Berufe handwerkl. Metall- & Glockengießerei-fachl.ausg.Tät.";"J"
"2419";"Aufsichtskr.-Metallerzeugung";"J"
"24193";"Aufsichtskr.-Metallerzeugung";"J"
"242";"Metallbearbeitung";"J"
"2420";"Berufe Metallbearbeitung (o.Spez.)";"J"
"24201";"Berufe Metallbearbeitung (o.Spez.)-Helf./Anlerntät.";"J"
"24202";"Berufe Metallbearbeitung (o.Spez.)-fachl.ausg.Tät.";"J"
"24203";"Berufe Metallbearbeitung (o.Spez.)-kompl.Spez.tät.";"J"
"2421";"Berufe spanlose Metallbearbeitung";"J"
"24212";"Berufe spanlose Metallbearbeitung-fachl.ausg.Tät.";"J"
"2422";"Berufe schleifende Metallbearbeitung";"J"
"24222";"Berufe schleifende Metallbearbeitung-fachl.ausg.Tät.";"J"
"2423";"Berufe spanende Metallbearbeitung";"J"
"24232";"Berufe spanende Metallbearbeitung-fachl.ausg.Tät.";"J"
"24233";"Berufe spanende Metallbearbeitung-kompl.Spez.tät.";"J"
"2424";"Berufe Metallbearbeitung durch Laserstrahl";"J"
"24243";"Berufe Metallbearbeitung durch Laserstrahl-kompl.Spez.tät.";"J"
"24244";"Berufe Metallbearbeitung durch Laserstrahl-hoch kompl.Tät.";"J"
"2429";"Aufsichtskr.-Metallbearbeitung";"J"
"24293";"Aufsichtskr.-Metallbearbeitung";"J"
"243";"Metalloberflächenbehandlung";"J"
"2430";"Berufe Metalloberflächenbehandl. (o.Spez.)";"J"
"24301";"Berufe Metalloberflächenbehandl. (o.Spez.)-Helf./Anlerntät.";"J"
"24302";"Berufe Metalloberflächenbehandl. (o.Spez.)-fachl.ausg.Tät.";"J"
"24303";"Berufe Metalloberflächenbehandl. (o.Spez.)-kompl.Spez.tät.";"J"
"24304";"Berufe Metalloberflächenbehandl. (o.Spez.)-hoch kompl.Tät.";"J"
"2438";"Berufe Metalloberflächenbe.(sonst.spez.Tät.)";"J"
"24382";"Berufe Metalloberflächenbe.(sonst.spez.Tät.)-fachl.ausg.Tät.";"J"
"2439";"Aufsichtskr.-Metalloberflächenbehandlung";"J"
"24393";"Aufsichtskr.-Metalloberflächenbehandlung";"J"
"244";"Metallbau & Schweißtechnik";"J"
"2441";"Berufe Metallbau";"J"
"24411";"Berufe Metallbau-Helf./Anlerntät.";"J"
"24412";"Berufe Metallbau-fachl.ausg.Tät.";"J"
"24413";"Berufe Metallbau-kompl.Spez.tät.";"J"
"24414";"Berufe Metallbau-hoch kompl.Tät.";"J"
"2442";"Berufe Schweiß- & Verbindungstechnik";"J"
"24422";"Berufe Schweiß- & Verbindungstechnik-fachl.ausg.Tät.";"J"
"24423";"Berufe Schweiß- & Verbindungstechnik-kompl.Spez.tät.";"J"
"24424";"Berufe Schweiß- & Verbindungstechnik-hoch kompl.Tät.";"J"
"2443";"Industrietaucher/innen & and. Taucherberufe";"J"
"24432";"Industrietaucher/innen & and. Taucherberufe-fachl.ausg.Tät.";"J"
"2449";"Aufsichtskr.-Metallbau & Schweißtechnik";"J"
"24493";"Aufsichtskr.-Metallbau & Schweißtechnik";"J"
"245";"Feinwerk- & Werkzeugtechnik";"J"
"2451";"Berufe Feinwerktechnik";"J"
"24511";"Berufe Feinwerktechnik-Helf./Anlerntät.";"J"
"24512";"Berufe Feinwerktechnik-fachl.ausg.Tät.";"J"
"24513";"Berufe Feinwerktechnik-kompl.Spez.tät.";"J"
"24514";"Berufe Feinwerktechnik-hoch kompl.Tät.";"J"
"2452";"Berufe Werkzeugtechnik";"J"
"24522";"Berufe Werkzeugtechnik-fachl.ausg.Tät.";"J"
"24523";"Berufe Werkzeugtechnik-kompl.Spez.tät.";"J"
"24524";"Berufe Werkzeugtechnik-hoch kompl.Tät.";"J"
"2453";"Berufe Uhrmacherhandwerk";"J"
"24532";"Berufe Uhrmacherhandwerk-fachl.ausg.Tät.";"J"
"24533";"Berufe Uhrmacherhandwerk-kompl.Spez.tät.";"J"
"2459";"Aufsichtskr.-Feinwerk- & Werkzeugtechnik";"J"
"24593";"Aufsichtskr.-Feinwerk- & Werkzeugtechnik";"J"
"25";"Maschinen- & Fahrzeugtechnikberufe";"J"
"251";"Maschinenbau- & Betriebstechnik";"J"
"2510";"Berufe Maschinenbau-&Betriebstech.(o.Spez.)";"J"
"25101";"Berufe Maschinenbau-&Betriebstech.(o.Spez.)-Helf./Anlerntät.";"J"
"25102";"Berufe Maschinenbau-&Betriebstech.(o.Spez.)-fachl.ausg.Tät.";"J"
"25103";"Berufe Maschinenbau-&Betriebstech.(o.Spez.)-kompl.Spez.tät.";"J"
"25104";"Berufe Maschinenbau-&Betriebstech.(o.Spez.)-hoch kompl.Tät.";"J"
"2511";"Maschinen- & Gerätezusammensetzer/innen";"J"
"25112";"Maschinen- & Gerätezusammensetzer/innen-fachl.ausg.Tät.";"J"
"2512";"Maschinen- & Anlagenführer/innen";"J"
"25122";"Maschinen- & Anlagenführer/innen-fachl.ausg.Tät.";"J"
"2513";"Techn. Servicekr. Wartung & Instandhaltung";"J"
"25131";"Techn. Servicekr. Wartung & Instandhaltung-Helf./Anlerntät.";"J"
"25132";"Techn. Servicekr. Wartung & Instandhaltung-fachl.ausg.Tät.";"J"
"25133";"Techn. Servicekr. Wartung & Instandhaltung-kompl.Spez.tät.";"J"
"25134";"Techn. Servicekr. Wartung & Instandhaltung-hoch kompl.Tät.";"J"
"2518";"Berufe Maschinenb.&Betriebst.(son.spez.Tät.)";"J"
"25182";"Berufe Maschinenb.&Betriebst.(son.spez.Tät.)-fachl.ausg.Tät.";"J"
"25183";"Berufe Maschinenb.&Betriebst.(son.spez.Tät.)-kompl.Spez.tät.";"J"
"25184";"Berufe Maschinenb.&Betriebst.(son.spez.Tät.)-hoch kompl.Tät.";"J"
"2519";"Aufsichts- & Führungskr.-Maschinenbau- & Betriebstechnik";"J"
"25193";"Aufsichtskr.-Maschinenbau- & Betriebstechnik";"J"
"25194";"Führungskr.-Maschinenbau- & Betriebstechnik";"J"
"252";"Fahrzeug-, Luft-, Raumfahrt- & Schiffbautechnik";"J"
"2520";"Berufe Fahrzeugtechnik (o.Spez.)";"J"
"25201";"Berufe Fahrzeugtechnik (o.Spez.)-Helf./Anlerntät.";"J"
"2521";"Berufe Kraftfahrzeugtechnik";"J"
"25212";"Berufe Kraftfahrzeugtechnik-fachl.ausg.Tät.";"J"
"25213";"Berufe Kraftfahrzeugtechnik-kompl.Spez.tät.";"J"
"25214";"Berufe Kraftfahrzeugtechnik-hoch kompl.Tät.";"J"
"2522";"Berufe Land- & Baumaschinentechnik";"J"
"25222";"Berufe Land- & Baumaschinentechnik-fachl.ausg.Tät.";"J"
"25223";"Berufe Land- & Baumaschinentechnik-kompl.Spez.tät.";"J"
"25224";"Berufe Land- & Baumaschinentechnik-hoch kompl.Tät.";"J"
"2523";"Berufe Luft- & Raumfahrttechnik";"J"
"25232";"Berufe Luft- & Raumfahrttechnik-fachl.ausg.Tät.";"J"
"25233";"Berufe Luft- & Raumfahrttechnik-kompl.Spez.tät.";"J"
"25234";"Berufe Luft- & Raumfahrttechnik-hoch kompl.Tät.";"J"
"2524";"Berufe Schiffbautechnik";"J"
"25242";"Berufe Schiffbautechnik-fachl.ausg.Tät.";"J"
"25243";"Berufe Schiffbautechnik-kompl.Spez.tät.";"J"
"25244";"Berufe Schiffbautechnik-hoch kompl.Tät.";"J"
"2525";"Berufe Zweiradtechnik";"J"
"25252";"Berufe Zweiradtechnik-fachl.ausg.Tät.";"J"
"25253";"Berufe Zweiradtechnik-kompl.Spez.tät.";"J"
"25254";"Berufe Zweiradtechnik-hoch kompl.Tät.";"J"
"2529";"Aufsichts- & Führungskr.-Fahrz.,Luft-,Raumfahrt-&Schiffbaut.";"J"
"25293";"Aufsichtskr.-Fahrz.,Luft-,Raumfahrt-&Schiffbaut.";"J"
"25294";"Führungskr.-Fahrz.,Luft-,Raumfahrt-&Schiffbaut.";"J"
"26";"Mechatronik-, Energie- & Elektroberufe";"J"
"261";"Mechatronik & Automatisierungstechnik";"J"
"2611";"Berufe Mechatronik";"J"
"26112";"Berufe Mechatronik-fachl.ausg.Tät.";"J"
"26113";"Berufe Mechatronik-kompl.Spez.tät.";"J"
"26114";"Berufe Mechatronik-hoch kompl.Tät.";"J"
"2612";"Berufe Automatisierungstechnik";"J"
"26122";"Berufe Automatisierungstechnik-fachl.ausg.Tät.";"J"
"26123";"Berufe Automatisierungstechnik-kompl.Spez.tät.";"J"
"26124";"Berufe Automatisierungstechnik-hoch kompl.Tät.";"J"
"2619";"Aufsichtskr.-Mechatronik & Automatisierungstechnik";"J"
"26193";"Aufsichtskr.-Mechatronik & Automatisierungstechnik";"J"
"262";"Energietechnik";"J"
"2621";"Berufe Bauelektrik";"J"
"26212";"Berufe Bauelektrik-fachl.ausg.Tät.";"J"
"2622";"Berufe Elektromaschinentechnik";"J"
"26222";"Berufe Elektromaschinentechnik-fachl.ausg.Tät.";"J"
"26223";"Berufe Elektromaschinentechnik-kompl.Spez.tät.";"J"
"2623";"Berufe Energie- & Kraftwerkstechnik";"J"
"26232";"Berufe Energie- & Kraftwerkstechnik-fachl.ausg.Tät.";"J"
"26233";"Berufe Energie- & Kraftwerkstechnik-kompl.Spez.tät.";"J"
"26234";"Berufe Energie- & Kraftwerkstechnik-hoch kompl.Tät.";"J"
"2624";"Berufe regenerative Energietechnik";"J"
"26242";"Berufe regenerative Energietechnik-fachl.ausg.Tät.";"J"
"26243";"Berufe regenerative Energietechnik-kompl.Spez.tät.";"J"
"26244";"Berufe regenerative Energietechnik-hoch kompl.Tät.";"J"
"2625";"Berufe elektrische Betriebstechnik";"J"
"26252";"Berufe elektrische Betriebstechnik-fachl.ausg.Tät.";"J"
"26253";"Berufe elektrische Betriebstechnik-kompl.Spez.tät.";"J"
"2626";"Berufe Leitungsinstallation & -wartung";"J"
"26262";"Berufe Leitungsinstallation & -wartung-fachl.ausg.Tät.";"J"
"26263";"Berufe Leitungsinstallation & -wartung-kompl.Spez.tät.";"J"
"26264";"Berufe Leitungsinstallation & -wartung-hoch kompl.Tät.";"J"
"2629";"Aufsichtskr.-Energietechnik";"J"
"26293";"Aufsichtskr.-Energietechnik";"J"
"263";"Elektrotechnik";"J"
"2630";"Berufe Elektrotechnik (o.Spez.)";"J"
"26301";"Berufe Elektrotechnik (o.Spez.)-Helf./Anlerntät.";"J"
"26302";"Berufe Elektrotechnik (o.Spez.)-fachl.ausg.Tät.";"J"
"26303";"Berufe Elektrotechnik (o.Spez.)-kompl.Spez.tät.";"J"
"26304";"Berufe Elektrotechnik (o.Spez.)-hoch kompl.Tät.";"J"
"2631";"Berufe Informations- & Telekommunikationst.";"J"
"26312";"Berufe Informations- & Telekommunikationst.-fachl.ausg.Tät.";"J"
"26313";"Berufe Informations- & Telekommunikationst.-kompl.Spez.tät.";"J"
"26314";"Berufe Informations- & Telekommunikationst.-hoch kompl.Tät.";"J"
"2632";"Berufe Mikrosystemtechnik";"J"
"26322";"Berufe Mikrosystemtechnik-fachl.ausg.Tät.";"J"
"26323";"Berufe Mikrosystemtechnik-kompl.Spez.tät.";"J"
"26324";"Berufe Mikrosystemtechnik-hoch kompl.Tät.";"J"
"2633";"Berufe Luftverk., Schiffs- & Fahrzeugelektr.";"J"
"26332";"Berufe Luftverk., Schiffs- & Fahrzeugelektr.-fachl.ausg.Tät.";"J"
"26333";"Berufe Luftverk., Schiffs- & Fahrzeugelektr.-kompl.Spez.tät.";"J"
"26334";"Berufe Luftverk., Schiffs- & Fahrzeugelektr.-hoch kompl.Tät.";"J"
"2638";"Berufe Elektrotechnik (sonst.spez.Tät.)";"J"
"26382";"Berufe Elektrotechnik (sonst.spez.Tät.)-fachl.ausg.Tät.";"J"
"26383";"Berufe Elektrotechnik (sonst.spez.Tät.)-kompl.Spez.tät.";"J"
"26384";"Berufe Elektrotechnik (sonst.spez.Tät.)-hoch kompl.Tät.";"J"
"2639";"Aufsichtskr.-Elektrotechnik";"J"
"26393";"Aufsichtskr.-Elektrotechnik";"J"
"27";"Tech.Forsch.-, Entwickl.-, Konstruktions- & Produktionssteu.";"J"
"271";"Technische Forschung & Entwicklung";"J"
"2710";"Berufe techn. Forsch. & Entwickl. (o.Spez.)";"J"
"27103";"Berufe techn. Forsch. & Entwickl. (o.Spez.)-kompl.Spez.tät.";"J"
"27104";"Berufe techn. Forsch. & Entwickl. (o.Spez.)-hoch kompl.Tät.";"J"
"2718";"Berufe tech.Forsch.& Entw. (sonst.spez.Tät.)";"J"
"27182";"Berufe tech.Forsch.& Entw. (sonst.spez.Tät.)-fachl.ausg.Tät.";"J"
"27183";"Berufe tech.Forsch.& Entw. (sonst.spez.Tät.)-kompl.Spez.tät.";"J"
"27184";"Berufe tech.Forsch.& Entw. (sonst.spez.Tät.)-hoch kompl.Tät.";"J"
"2719";"Führungskr.-Technische Forschung & Entwicklung";"J"
"27194";"Führungskr.-Technische Forschung & Entwicklung";"J"
"272";"Technisches Zeichnen, Konstruktion & Modellbau";"J"
"2721";"Technische Zeichner/innen";"J"
"27212";"Technische Zeichner/innen-fachl.ausg.Tät.";"J"
"2722";"Berufe Konstruktion & Gerätebau";"J"
"27223";"Berufe Konstruktion & Gerätebau-kompl.Spez.tät.";"J"
"27224";"Berufe Konstruktion & Gerätebau-hoch kompl.Tät.";"J"
"2723";"Berufe Modellbau";"J"
"27232";"Berufe Modellbau-fachl.ausg.Tät.";"J"
"2728";"Tech.Zeich.,Konst.&Modellb.(sonst.spez.Tät.)";"J"
"27282";"Tech.Zeich.,Konst.&Modellb.(sonst.spez.Tät.)-fachl.ausg.Tät.";"J"
"27283";"Tech.Zeich.,Konst.&Modellb.(sonst.spez.Tät.)-kompl.Spez.tät.";"J"
"27284";"Tech.Zeich.,Konst.&Modellb.(sonst.spez.Tät.)-hoch kompl.Tät.";"J"
"2729";"Aufsichts- & Führungskr.-Techn. Zeichnen, Konstr. & Modellb.";"J"
"27293";"Aufsichtskr.-Techn. Zeichnen, Konstr. & Modellb.";"J"
"27294";"Führungskr.-Techn. Zeichnen, Konstr. & Modellb.";"J"
"273";"Technische Produktionsplanung & -steuerung";"J"
"2730";"Berufe tech. Produktionsplanung & -steuerung";"J"
"27302";"Berufe tech. Produktionsplanung & -steuerung-fachl.ausg.Tät.";"J"
"27303";"Berufe tech. Produktionsplanung & -steuerung-kompl.Spez.tät.";"J"
"27304";"Berufe tech. Produktionsplanung & -steuerung-hoch kompl.Tät.";"J"
"2731";"Berufe technische Qualitätssicherung";"J"
"27312";"Berufe technische Qualitätssicherung-fachl.ausg.Tät.";"J"
"27313";"Berufe technische Qualitätssicherung-kompl.Spez.tät.";"J"
"27314";"Berufe technische Qualitätssicherung-hoch kompl.Tät.";"J"
"2739";"Aufsichts- & Führungskr.-Tech. Produktionsplan. & -steuerung";"J"
"27393";"Aufsichtskr.-Tech. Produktionsplan. & -steuerung";"J"
"27394";"Führungskr.-Tech. Produktionsplan. & -steuerung";"J"
"28";"Textil- & Lederberufe";"J"
"281";"Textiltechnik & -produktion";"J"
"2810";"Berufe Textiltechnik (o.Spez.)";"J"
"28101";"Berufe Textiltechnik (o.Spez.)-Helf./Anlerntät.";"J"
"28102";"Berufe Textiltechnik (o.Spez.)-fachl.ausg.Tät.";"J"
"28103";"Berufe Textiltechnik (o.Spez.)-kompl.Spez.tät.";"J"
"28104";"Berufe Textiltechnik (o.Spez.)-hoch kompl.Tät.";"J"
"2811";"Berufe Textilgestaltung";"J"
"28112";"Berufe Textilgestaltung-fachl.ausg.Tät.";"J"
"28113";"Berufe Textilgestaltung-kompl.Spez.tät.";"J"
"28114";"Berufe Textilgestaltung-hoch kompl.Tät.";"J"
"2812";"Berufe Textilherstellung";"J"
"28122";"Berufe Textilherstellung-fachl.ausg.Tät.";"J"
"28123";"Berufe Textilherstellung-kompl.Spez.tät.";"J"
"2813";"Berufe Garn- & Seilherstellung";"J"
"28132";"Berufe Garn- & Seilherstellung-fachl.ausg.Tät.";"J"
"28133";"Berufe Garn- & Seilherstellung-kompl.Spez.tät.";"J"
"2814";"Berufe Textilveredlung";"J"
"28142";"Berufe Textilveredlung-fachl.ausg.Tät.";"J"
"28143";"Berufe Textilveredlung-kompl.Spez.tät.";"J"
"2819";"Aufsichts- & Führungskr.-Textiltechnik & -produktion";"J"
"28193";"Aufsichtskr.-Textiltechnik & -produktion";"J"
"28194";"Führungskr.-Textiltechnik & -produktion";"J"
"282";"Textilverarbeitung";"J"
"2821";"Berufe Modedesign";"J"
"28212";"Berufe Modedesign-fachl.ausg.Tät.";"J"
"28213";"Berufe Modedesign-kompl.Spez.tät.";"J"
"28214";"Berufe Modedesign-hoch kompl.Tät.";"J"
"2822";"Berufe Bekleidungs-, Hut- & Mützenherstell.";"J"
"28221";"Berufe Bekleidungs-, Hut- & Mützenherstell.-Helf./Anlerntät.";"J"
"28222";"Berufe Bekleidungs-, Hut- & Mützenherstell.-fachl.ausg.Tät.";"J"
"28223";"Berufe Bekleidungs-, Hut- & Mützenherstell.-kompl.Spez.tät.";"J"
"28224";"Berufe Bekleidungs-, Hut- & Mützenherstell.-hoch kompl.Tät.";"J"
"2823";"Tech. Konfektionäre/innen, Segelmacher/innen";"J"
"28232";"Tech. Konfektionäre/innen, Segelmacher/innen-fachl.ausg.Tät.";"J"
"2824";"Berufe Polsterei & Fahrzeuginnenausstattung";"J"
"28242";"Berufe Polsterei & Fahrzeuginnenausstattung-fachl.ausg.Tät.";"J"
"2829";"Aufsichts- & Führungskr.-Textilverarbeitung";"J"
"28293";"Aufsichtskr.-Textilverarbeitung";"J"
"28294";"Führungskr.-Textilverarbeitung";"J"
"283";"Leder-, Pelzherstellung & -verarbeitung";"J"
"2830";"Berufe Leder-,Pelzherst.&-verarb. (o.Spez.)";"J"
"28301";"Berufe Leder-,Pelzherst.&-verarb. (o.Spez.)-Helf./Anlerntät.";"J"
"2831";"Berufe Lederherstellung";"J"
"28312";"Berufe Lederherstellung-fachl.ausg.Tät.";"J"
"28313";"Berufe Lederherstellung-kompl.Spez.tät.";"J"
"28314";"Berufe Lederherstellung-hoch kompl.Tät.";"J"
"2832";"Berufe Sattlerei & Herstell. Lederutensilien";"J"
"28322";"Berufe Sattlerei & Herstell. Lederutensilien-fachl.ausg.Tät.";"J"
"2833";"Berufe Schuhherstellung";"J"
"28332";"Berufe Schuhherstellung-fachl.ausg.Tät.";"J"
"28333";"Berufe Schuhherstellung-kompl.Spez.tät.";"J"
"2834";"Berufe Pelzbe- & -verarbeitung";"J"
"28342";"Berufe Pelzbe- & -verarbeitung-fachl.ausg.Tät.";"J"
"28343";"Berufe Pelzbe- & -verarbeitung-kompl.Spez.tät.";"J"
"2839";"Aufsichts- & Führungskr.-Leder-, Pelzherstell. & -verarbeit.";"J"
"28393";"Aufsichtskr.-Leder-, Pelzherstell. & -verarbeit.";"J"
"28394";"Führungskr.-Leder-, Pelzherstell. & -verarbeit.";"J"
"29";"Lebensmittelherstellung & -verarbeitung";"J"
"291";"Getränkeherstellung";"J"
"2910";"Berufe Getränkeherstellung (o.Spez.)";"J"
"29102";"Berufe Getränkeherstellung (o.Spez.)-fachl.ausg.Tät.";"J"
"29103";"Berufe Getränkeherstellung (o.Spez.)-kompl.Spez.tät.";"J"
"29104";"Berufe Getränkeherstellung (o.Spez.)-hoch kompl.Tät.";"J"
"2911";"Brauer/innen & Mälzer/innen";"J"
"29112";"Brauer/innen & Mälzer/innen-fachl.ausg.Tät.";"J"
"29113";"Brauer/innen & Mälzer/innen-kompl.Spez.tät.";"J"
"29114";"Brauer/innen & Mälzer/innen-hoch kompl.Tät.";"J"
"2912";"Weinküfer/innen";"J"
"29122";"Weinküfer/innen-fachl.ausg.Tät.";"J"
"29123";"Weinküfer/innen-kompl.Spez.tät.";"J"
"2913";"Brenner/innen & Destillateure/-innen";"J"
"29132";"Brenner/innen & Destillateure/-innen-fachl.ausg.Tät.";"J"
"29133";"Brenner/innen & Destillateure/-innen-kompl.Spez.tät.";"J"
"29134";"Brenner/innen & Destillateure/-innen-hoch kompl.Tät.";"J"
"2914";"Berufe Fruchtsafttechnik";"J"
"29142";"Berufe Fruchtsafttechnik-fachl.ausg.Tät.";"J"
"29143";"Berufe Fruchtsafttechnik-kompl.Spez.tät.";"J"
"2915";"Nahrungsmittel- & Getränkekoster/innen";"J"
"29152";"Nahrungsmittel- & Getränkekoster/innen-fachl.ausg.Tät.";"J"
"2919";"Aufsichts- & Führungskr.-Getränkeherstellung";"J"
"29193";"Aufsichtskr.-Getränkeherstellung";"J"
"29194";"Führungskr.-Getränkeherstellung";"J"
"292";"Lebensmittel- & Genussmittelherstellung";"J"
"2920";"Berufe Lebensmittelherstellung (o.Spez.)";"J"
"29201";"Berufe Lebensmittelherstellung (o.Spez.)-Helf./Anlerntät.";"J"
"29202";"Berufe Lebensmittelherstellung (o.Spez.)-fachl.ausg.Tät.";"J"
"29203";"Berufe Lebensmittelherstellung (o.Spez.)-kompl.Spez.tät.";"J"
"29204";"Berufe Lebensmittelherstellung (o.Spez.)-hoch kompl.Tät.";"J"
"2921";"Berufe Mühlenprodukt- & Futtermittelherst.";"J"
"29212";"Berufe Mühlenprodukt- & Futtermittelherst.-fachl.ausg.Tät.";"J"
"29213";"Berufe Mühlenprodukt- & Futtermittelherst.-kompl.Spez.tät.";"J"
"2922";"Berufe Back- & Konditoreiwarenherstellung";"J"
"29222";"Berufe Back- & Konditoreiwarenherstellung-fachl.ausg.Tät.";"J"
"29223";"Berufe Back- & Konditoreiwarenherstellung-kompl.Spez.tät.";"J"
"2923";"Berufe Fleischverarbeitung";"J"
"29232";"Berufe Fleischverarbeitung-fachl.ausg.Tät.";"J"
"29233";"Berufe Fleischverarbeitung-kompl.Spez.tät.";"J"
"2924";"Berufe Fischverarbeitung";"J"
"29242";"Berufe Fischverarbeitung-fachl.ausg.Tät.";"J"
"29243";"Berufe Fischverarbeitung-kompl.Spez.tät.";"J"
"2925";"Berufe Milchproduktherstellung";"J"
"29252";"Berufe Milchproduktherstellung-fachl.ausg.Tät.";"J"
"29253";"Berufe Milchproduktherstellung-kompl.Spez.tät.";"J"
"2926";"Berufe Süßwarenherstellung";"J"
"29262";"Berufe Süßwarenherstellung-fachl.ausg.Tät.";"J"
"29263";"Berufe Süßwarenherstellung-kompl.Spez.tät.";"J"
"2927";"Berufe Tabakwarenherstellung";"J"
"29272";"Berufe Tabakwarenherstellung-fachl.ausg.Tät.";"J"
"29273";"Berufe Tabakwarenherstellung-kompl.Spez.tät.";"J"
"2928";"Berufe Lebensmittelherst. (sonst.spez.Tät.)";"J"
"29282";"Berufe Lebensmittelherst. (sonst.spez.Tät.)-fachl.ausg.Tät.";"J"
"29283";"Berufe Lebensmittelherst. (sonst.spez.Tät.)-kompl.Spez.tät.";"J"
"29284";"Berufe Lebensmittelherst. (sonst.spez.Tät.)-hoch kompl.Tät.";"J"
"2929";"Aufsichts- & Führungskr.-Lebensmittel- & Genussmittelherst.";"J"
"29293";"Aufsichtskr.-Lebensmittel- & Genussmittelherst.";"J"
"29294";"Führungskr.-Lebensmittel- & Genussmittelherst.";"J"
"293";"Speisenzubereitung";"J"
"2930";"Köche/Köchinnen (o.Spez.)";"J"
"29301";"Köche/Köchinnen (o.Spez.)-Helf./Anlerntät.";"J"
"29302";"Köche/Köchinnen (o.Spez.)-fachl.ausg.Tät.";"J"
"2931";"Vor-, Kalt- & Süßspeisenköche/-köchinnen";"J"
"29312";"Vor-, Kalt- & Süßspeisenköche/-köchinnen-fachl.ausg.Tät.";"J"
"2932";"Grill-, Braten- & Fischköche/-köchinnen";"J"
"29322";"Grill-, Braten- & Fischköche/-köchinnen-fachl.ausg.Tät.";"J"
"2938";"Köche/Köchinnen (sonst.spez.Tät.)";"J"
"29382";"Köche/Köchinnen (sonst.spez.Tät.)-fachl.ausg.Tät.";"J"
"2939";"Aufsichts- & Führungskr.-Speisenzubereitung";"J"
"29393";"Aufsichtskr.-Speisenzubereitung";"J"
"29394";"Führungskr.-Speisenzubereitung";"J"
"3";"Bau, Architektur, Vermessung & Gebäudetechnik";"J"
"31";"Bauplanungs-, Architektur- & Vermessungsberufe";"J"
"311";"Bauplanung & -überwachung, Architektur";"J"
"3110";"Berufe Bauplanung & -überwachung (o.Spez.)";"J"
"31102";"Berufe Bauplanung & -überwachung (o.Spez.)-fachl.ausg.Tät.";"J"
"31103";"Berufe Bauplanung & -überwachung (o.Spez.)-kompl.Spez.tät.";"J"
"31104";"Berufe Bauplanung & -überwachung (o.Spez.)-hoch kompl.Tät.";"J"
"3111";"Berufe Architektur";"J"
"31114";"Berufe Architektur-hoch kompl.Tät.";"J"
"3112";"Berufe Stadt- & Raumplanung";"J"
"31124";"Berufe Stadt- & Raumplanung-hoch kompl.Tät.";"J"
"3113";"Berufe Bauplanung Verkehrswege & -anlagen";"J"
"31132";"Berufe Bauplanung Verkehrswege & -anlagen-fachl.ausg.Tät.";"J"
"31133";"Berufe Bauplanung Verkehrswege & -anlagen-kompl.Spez.tät.";"J"
"31134";"Berufe Bauplanung Verkehrswege & -anlagen-hoch kompl.Tät.";"J"
"3114";"Berufe Wasserwirtschaft";"J"
"31142";"Berufe Wasserwirtschaft-fachl.ausg.Tät.";"J"
"31143";"Berufe Wasserwirtschaft-kompl.Spez.tät.";"J"
"31144";"Berufe Wasserwirtschaft-hoch kompl.Tät.";"J"
"3115";"Berufe Bauwerkserhaltung & -erneuerung";"J"
"31152";"Berufe Bauwerkserhaltung & -erneuerung-fachl.ausg.Tät.";"J"
"31153";"Berufe Bauwerkserhaltung & -erneuerung-kompl.Spez.tät.";"J"
"31154";"Berufe Bauwerkserhaltung & -erneuerung-hoch kompl.Tät.";"J"
"3116";"Bausachverständige & Baukontrolleure/-innen";"J"
"31163";"Bausachverständige & Baukontrolleure/-innen-kompl.Spez.tät.";"J"
"31164";"Bausachverständige & Baukontrolleure/-innen-hoch kompl.Tät.";"J"
"3117";"Berufe Bauabrechnung & -kalkulation";"J"
"31173";"Berufe Bauabrechnung & -kalkulation-kompl.Spez.tät.";"J"
"31174";"Berufe Bauabrechnung & -kalkulation-hoch kompl.Tät.";"J"
"3119";"Aufsichts- & Führungskr.-Bauplanung &-überwach., Architektur";"J"
"31193";"Aufsichtskr.-Bauplanung &-überwach., Architektur";"J"
"31194";"Führungskr.-Bauplanung &-überwach., Architektur";"J"
"312";"Vermessung & Kartografie";"J"
"3121";"Berufe Vermessungstechnik";"J"
"31212";"Berufe Vermessungstechnik-fachl.ausg.Tät.";"J"
"31213";"Berufe Vermessungstechnik-kompl.Spez.tät.";"J"
"31214";"Berufe Vermessungstechnik-hoch kompl.Tät.";"J"
"3122";"Berufe Kartografie";"J"
"31222";"Berufe Kartografie-fachl.ausg.Tät.";"J"
"31223";"Berufe Kartografie-kompl.Spez.tät.";"J"
"31224";"Berufe Kartografie-hoch kompl.Tät.";"J"
"32";"Hoch- & Tiefbauberufe";"J"
"321";"Hochbau";"J"
"3210";"Berufe Hochbau (o.Spez.)";"J"
"32101";"Berufe Hochbau (o.Spez.)-Helf./Anlerntät.";"J"
"32102";"Berufe Hochbau (o.Spez.)-fachl.ausg.Tät.";"J"
"32103";"Berufe Hochbau (o.Spez.)-kompl.Spez.tät.";"J"
"32104";"Berufe Hochbau (o.Spez.)-hoch kompl.Tät.";"J"
"3211";"Berufe Beton- & Stahlbetonbau";"J"
"32112";"Berufe Beton- & Stahlbetonbau-fachl.ausg.Tät.";"J"
"32113";"Berufe Beton- & Stahlbetonbau-kompl.Spez.tät.";"J"
"3212";"Berufe Maurerhandwerk";"J"
"32122";"Berufe Maurerhandwerk-fachl.ausg.Tät.";"J"
"32123";"Berufe Maurerhandwerk-kompl.Spez.tät.";"J"
"3213";"Berufe Schornsteinbau";"J"
"32132";"Berufe Schornsteinbau-fachl.ausg.Tät.";"J"
"3214";"Berufe Dachdeckerei";"J"
"32142";"Berufe Dachdeckerei-fachl.ausg.Tät.";"J"
"3215";"Berufe Fassadenbau";"J"
"32152";"Berufe Fassadenbau-fachl.ausg.Tät.";"J"
"3216";"Berufe Gerüstbau";"J"
"32162";"Berufe Gerüstbau-fachl.ausg.Tät.";"J"
"3217";"Berufe Bauwerksabbruch";"J"
"32172";"Berufe Bauwerksabbruch-fachl.ausg.Tät.";"J"
"3219";"Aufsichtskr.-Hochbau";"J"
"32193";"Aufsichtskr.-Hochbau";"J"
"322";"Tiefbau";"J"
"3220";"Berufe Tiefbau (o.Spez.)";"J"
"32201";"Berufe Tiefbau (o.Spez.)-Helf./Anlerntät.";"J"
"32202";"Berufe Tiefbau (o.Spez.)-fachl.ausg.Tät.";"J"
"32203";"Berufe Tiefbau (o.Spez.)-kompl.Spez.tät.";"J"
"32204";"Berufe Tiefbau (o.Spez.)-hoch kompl.Tät.";"J"
"3221";"Pflasterer/Pflasterinnen & Steinsetzer/innen";"J"
"32212";"Pflasterer/Pflasterinnen & Steinsetzer/innen-fachl.ausg.Tät.";"J"
"3222";"Berufe Straßen- & Asphaltbau";"J"
"32222";"Berufe Straßen- & Asphaltbau-fachl.ausg.Tät.";"J"
"32223";"Berufe Straßen- & Asphaltbau-kompl.Spez.tät.";"J"
"32224";"Berufe Straßen- & Asphaltbau-hoch kompl.Tät.";"J"
"3223";"Berufe Gleisbau";"J"
"32232";"Berufe Gleisbau-fachl.ausg.Tät.";"J"
"32233";"Berufe Gleisbau-kompl.Spez.tät.";"J"
"3224";"Berufe Brunnenbau";"J"
"32242";"Berufe Brunnenbau-fachl.ausg.Tät.";"J"
"32243";"Berufe Brunnenbau-kompl.Spez.tät.";"J"
"3225";"Berufe Kanal- & Tunnelbau";"J"
"32252";"Berufe Kanal- & Tunnelbau-fachl.ausg.Tät.";"J"
"32253";"Berufe Kanal- & Tunnelbau-kompl.Spez.tät.";"J"
"3226";"Berufe Kultur- & Wasserbau";"J"
"32262";"Berufe Kultur- & Wasserbau-fachl.ausg.Tät.";"J"
"32263";"Berufe Kultur- & Wasserbau-kompl.Spez.tät.";"J"
"32264";"Berufe Kultur- & Wasserbau-hoch kompl.Tät.";"J"
"3229";"Aufsichtskr.-Tiefbau";"J"
"32293";"Aufsichtskr.-Tiefbau";"J"
"33";"(Innen-)Ausbauberufe";"J"
"331";"Bodenverlegung";"J"
"3310";"Berufe Bodenverlegung (o.Spez.)";"J"
"33101";"Berufe Bodenverlegung (o.Spez.)-Helf./Anlerntät.";"J"
"33102";"Berufe Bodenverlegung (o.Spez.)-fachl.ausg.Tät.";"J"
"3311";"Berufe Fliesen-, Platten- & Mosaikverlegung";"J"
"33112";"Berufe Fliesen-, Platten- & Mosaikverlegung-fachl.ausg.Tät.";"J"
"3312";"Berufe Estrich- & Terrazzoverlegung";"J"
"33122";"Berufe Estrich- & Terrazzoverlegung-fachl.ausg.Tät.";"J"
"3313";"Berufe Parkettverlegung";"J"
"33132";"Berufe Parkettverlegung-fachl.ausg.Tät.";"J"
"33133";"Berufe Parkettverlegung-kompl.Spez.tät.";"J"
"3319";"Aufsichtskr.-Bodenverlegung";"J"
"33193";"Aufsichtskr.-Bodenverlegung";"J"
"332";"Maler-&Lackier-,Stuckateurarb., Bauwerkab., Holz-&Bautensch.";"J"
"3321";"Berufe Maler- & Lackiererarbeiten";"J"
"33211";"Berufe Maler- & Lackiererarbeiten-Helf./Anlerntät.";"J"
"33212";"Berufe Maler- & Lackiererarbeiten-fachl.ausg.Tät.";"J"
"33213";"Berufe Maler- & Lackiererarbeiten-kompl.Spez.tät.";"J"
"3322";"Berufe Stuckateurarbeiten";"J"
"33222";"Berufe Stuckateurarbeiten-fachl.ausg.Tät.";"J"
"33223";"Berufe Stuckateurarbeiten-kompl.Spez.tät.";"J"
"3323";"Berufe Bauwerksabdichtung";"J"
"33232";"Berufe Bauwerksabdichtung-fachl.ausg.Tät.";"J"
"33233";"Berufe Bauwerksabdichtung-kompl.Spez.tät.";"J"
"3324";"Berufe Holz- & Bautenschutz";"J"
"33242";"Berufe Holz- & Bautenschutz-fachl.ausg.Tät.";"J"
"33243";"Berufe Holz- & Bautenschutz-kompl.Spez.tät.";"J"
"3329";"Aufsichtskr.-Maler-,Stuckateurarb.,Bauwerksab.,Holz&Bautens.";"J"
"33293";"Aufsichtskr.-Maler-,Stuckateurarb.,Bauwerksab.,Holz&Bautens.";"J"
"333";"Aus -& Trockenb.,Isol.,Zimmer.,Glaser.,Rolllad.-&Jalousieb.";"J"
"3330";"Berufe Aus- & Trockenbau (o.Spez.)";"J"
"33301";"Berufe Aus- & Trockenbau (o.Spez.)-Helf./Anlerntät.";"J"
"33302";"Berufe Aus- & Trockenbau (o.Spez.)-fachl.ausg.Tät.";"J"
"33303";"Berufe Aus- & Trockenbau (o.Spez.)-kompl.Spez.tät.";"J"
"3331";"Berufe Isolierung";"J"
"33312";"Berufe Isolierung-fachl.ausg.Tät.";"J"
"3332";"Berufe Zimmerei";"J"
"33322";"Berufe Zimmerei-fachl.ausg.Tät.";"J"
"33323";"Berufe Zimmerei-kompl.Spez.tät.";"J"
"3333";"Berufe Bautischlerei";"J"
"33332";"Berufe Bautischlerei-fachl.ausg.Tät.";"J"
"3334";"Berufe Glaserei";"J"
"33342";"Berufe Glaserei-fachl.ausg.Tät.";"J"
"3335";"Berufe Rollladen- & Jalousiebau";"J"
"33352";"Berufe Rollladen- & Jalousiebau-fachl.ausg.Tät.";"J"
"3339";"Aufsichtskr.-Trockenb.,Isolier.,Zimmer.,Glaser.,Rollladenbau";"J"
"33393";"Aufsichtskr.-Trockenb.,Isolier.,Zimmer.,Glaser.,Rollladenbau";"J"
"34";"Gebäude- & versorgungstechnische Berufe";"J"
"341";"Gebäudetechnik";"J"
"3410";"Berufe Gebäudetechnik (o.Spez.)";"J"
"34102";"Berufe Gebäudetechnik (o.Spez.)-fachl.ausg.Tät.";"J"
"34103";"Berufe Gebäudetechnik (o.Spez.)-kompl.Spez.tät.";"J"
"34104";"Berufe Gebäudetechnik (o.Spez.)-hoch kompl.Tät.";"J"
"3411";"Platz- & Gerätewarte/-wartinnen";"J"
"34112";"Platz- & Gerätewarte/-wartinnen-fachl.ausg.Tät.";"J"
"3419";"Aufsichtskr.-Gebäudetechnik";"J"
"34193";"Aufsichtskr.-Gebäudetechnik";"J"
"342";"Klempnerei, Sanitär-, Heizungs- & Klimatechnik";"J"
"3420";"Berufe Klempnerei (o.Spez.)";"J"
"34201";"Berufe Klempnerei (o.Spez.)-Helf./Anlerntät.";"J"
"34202";"Berufe Klempnerei (o.Spez.)-fachl.ausg.Tät.";"J"
"34203";"Berufe Klempnerei (o.Spez.)-kompl.Spez.tät.";"J"
"3421";"Berufe Sanitär-, Heizungs- & Klimatechnik";"J"
"34212";"Berufe Sanitär-, Heizungs- & Klimatechnik-fachl.ausg.Tät.";"J"
"34213";"Berufe Sanitär-, Heizungs- & Klimatechnik-kompl.Spez.tät.";"J"
"34214";"Berufe Sanitär-, Heizungs- & Klimatechnik-hoch kompl.Tät.";"J"
"3422";"Berufe Ofen- & Luftheizungsbau";"J"
"34222";"Berufe Ofen- & Luftheizungsbau-fachl.ausg.Tät.";"J"
"3423";"Berufe Kältetechnik";"J"
"34232";"Berufe Kältetechnik-fachl.ausg.Tät.";"J"
"34233";"Berufe Kältetechnik-kompl.Spez.tät.";"J"
"34234";"Berufe Kältetechnik-hoch kompl.Tät.";"J"
"3429";"Aufsichtskr.-Klempnerei, Sanitär-, Heizungs- & Klimatechnik";"J"
"34293";"Aufsichtskr.-Klempnerei, Sanitär-, Heizungs- & Klimatechnik";"J"
"343";"Ver- & Entsorgung";"J"
"3430";"Berufe Ver- & Entsorgung (o.Spez.)";"J"
"34301";"Berufe Ver- & Entsorgung (o.Spez.)-Helf./Anlerntät.";"J"
"34302";"Berufe Ver- & Entsorgung (o.Spez.)-fachl.ausg.Tät.";"J"
"34303";"Berufe Ver- & Entsorgung (o.Spez.)-kompl.Spez.tät.";"J"
"34304";"Berufe Ver- & Entsorgung (o.Spez.)-hoch kompl.Tät.";"J"
"3431";"Berufe Wasserversorgungs- & Abwassertechnik";"J"
"34312";"Berufe Wasserversorgungs- & Abwassertechnik-fachl.ausg.Tät.";"J"
"34313";"Berufe Wasserversorgungs- & Abwassertechnik-kompl.Spez.tät.";"J"
"34314";"Berufe Wasserversorgungs- & Abwassertechnik-hoch kompl.Tät.";"J"
"3432";"Berufe Rohrleitungsbau";"J"
"34322";"Berufe Rohrleitungsbau-fachl.ausg.Tät.";"J"
"34323";"Berufe Rohrleitungsbau-kompl.Spez.tät.";"J"
"34324";"Berufe Rohrleitungsbau-hoch kompl.Tät.";"J"
"3433";"Berufe Abfallwirtschaft";"J"
"34332";"Berufe Abfallwirtschaft-fachl.ausg.Tät.";"J"
"34333";"Berufe Abfallwirtschaft-kompl.Spez.tät.";"J"
"34334";"Berufe Abfallwirtschaft-hoch kompl.Tät.";"J"
"3434";"Berufe Anlagen-, Behälter- & Apparatebau";"J"
"34342";"Berufe Anlagen-, Behälter- & Apparatebau-fachl.ausg.Tät.";"J"
"34343";"Berufe Anlagen-, Behälter- & Apparatebau-kompl.Spez.tät.";"J"
"34344";"Berufe Anlagen-, Behälter- & Apparatebau-hoch kompl.Tät.";"J"
"3439";"Aufsichtskr.-Ver- & Entsorgung";"J"
"34393";"Aufsichtskr.-Ver- & Entsorgung";"J"
"4";"Naturwissenschaft, Geografie & Informatik";"J"
"41";"Mathematik-, Biologie-, Chemie- & Physikberufe";"J"
"411";"Mathematik & Statistik";"J"
"4110";"Berufe Mathematik (o.Spez.)";"J"
"41103";"Berufe Mathematik (o.Spez.)-kompl.Spez.tät.";"J"
"41104";"Berufe Mathematik (o.Spez.)-hoch kompl.Tät.";"J"
"4111";"Berufe Statistik";"J"
"41114";"Berufe Statistik-hoch kompl.Tät.";"J"
"4118";"Berufe Mathematik (sonst.spez.Tät.)";"J"
"41184";"Berufe Mathematik (sonst.spez.Tät.)-hoch kompl.Tät.";"J"
"4119";"Führungskr.-Mathematik & Statistik";"J"
"41194";"Führungskr.-Mathematik & Statistik";"J"
"412";"Biologie";"J"
"4120";"Berufe Biologie (o.Spez.)";"J"
"41203";"Berufe Biologie (o.Spez.)-kompl.Spez.tät.";"J"
"41204";"Berufe Biologie (o.Spez.)-hoch kompl.Tät.";"J"
"4121";"Berufe biologisch-technisches Laboratorium";"J"
"41212";"Berufe biologisch-technisches Laboratorium-fachl.ausg.Tät.";"J"
"41213";"Berufe biologisch-technisches Laboratorium-kompl.Spez.tät.";"J"
"41214";"Berufe biologisch-technisches Laboratorium-hoch kompl.Tät.";"J"
"4122";"Berufe biologische Präparation";"J"
"41222";"Berufe biologische Präparation-fachl.ausg.Tät.";"J"
"4123";"Berufe Biologie (Ökologie)";"J"
"41234";"Berufe Biologie (Ökologie)-hoch kompl.Tät.";"J"
"4124";"Berufe Biologie (Botanik)";"J"
"41244";"Berufe Biologie (Botanik)-hoch kompl.Tät.";"J"
"4125";"Berufe Biologie (Zoologie)";"J"
"41254";"Berufe Biologie (Zoologie)-hoch kompl.Tät.";"J"
"4126";"Berufe Biologie (Mikrobiologie)";"J"
"41264";"Berufe Biologie (Mikrobiologie)-hoch kompl.Tät.";"J"
"4127";"Berufe Biologie (Humanbiologie)";"J"
"41274";"Berufe Biologie (Humanbiologie)-hoch kompl.Tät.";"J"
"4128";"Berufe Biologie (sonst.spez.Tät.)";"J"
"41283";"Berufe Biologie (sonst.spez.Tät.)-kompl.Spez.tät.";"J"
"41284";"Berufe Biologie (sonst.spez.Tät.)-hoch kompl.Tät.";"J"
"4129";"Aufsichts- & Führungskr.-Biologie";"J"
"41293";"Aufsichtskr.-Biologie";"J"
"41294";"Führungskr.-Biologie";"J"
"413";"Chemie";"J"
"4130";"Berufe Chemie (o.Spez.)";"J"
"41303";"Berufe Chemie (o.Spez.)-kompl.Spez.tät.";"J"
"41304";"Berufe Chemie (o.Spez.)-hoch kompl.Tät.";"J"
"4131";"Berufe Chemie- & Pharmatechnik";"J"
"41311";"Berufe Chemie- & Pharmatechnik-Helf./Anlerntät.";"J"
"41312";"Berufe Chemie- & Pharmatechnik-fachl.ausg.Tät.";"J"
"41313";"Berufe Chemie- & Pharmatechnik-kompl.Spez.tät.";"J"
"41314";"Berufe Chemie- & Pharmatechnik-hoch kompl.Tät.";"J"
"4132";"Berufe chemisch-technisches Laboratorium";"J"
"41322";"Berufe chemisch-technisches Laboratorium-fachl.ausg.Tät.";"J"
"41323";"Berufe chemisch-technisches Laboratorium-kompl.Spez.tät.";"J"
"41324";"Berufe chemisch-technisches Laboratorium-hoch kompl.Tät.";"J"
"4133";"Steuerer/-innen chemische Verfahrensanlagen";"J"
"41333";"Steuerer/-innen chemische Verfahrensanlagen-kompl.Spez.tät.";"J"
"4134";"Steuerer/innen Erdöl-&Erdgasraffinationsanl.";"J"
"41343";"Steuerer/innen Erdöl-&Erdgasraffinationsanl.-kompl.Spez.tät.";"J"
"4138";"Berufe Chemie (sonst.spez.Tät.)";"J"
"41383";"Berufe Chemie (sonst.spez.Tät.)-kompl.Spez.tät.";"J"
"41384";"Berufe Chemie (sonst.spez.Tät.)-hoch kompl.Tät.";"J"
"4139";"Aufsichts- & Führungskr.-Chemie";"J"
"41393";"Aufsichtskr.-Chemie";"J"
"41394";"Führungskr.-Chemie";"J"
"414";"Physik";"J"
"4140";"Berufe Physik (o.Spez.)";"J"
"41403";"Berufe Physik (o.Spez.)-kompl.Spez.tät.";"J"
"41404";"Berufe Physik (o.Spez.)-hoch kompl.Tät.";"J"
"4141";"Berufe physikalisch-technisches Laboratorium";"J"
"41412";"Berufe physikalisch-technisches Laboratorium-fachl.ausg.Tät.";"J"
"41413";"Berufe physikalisch-technisches Laboratorium-kompl.Spez.tät.";"J"
"41414";"Berufe physikalisch-technisches Laboratorium-hoch kompl.Tät.";"J"
"4142";"Berufe Werkstofftechnik";"J"
"41422";"Berufe Werkstofftechnik-fachl.ausg.Tät.";"J"
"41423";"Berufe Werkstofftechnik-kompl.Spez.tät.";"J"
"41424";"Berufe Werkstofftechnik-hoch kompl.Tät.";"J"
"4143";"Berufe Baustoffprüfung";"J"
"41432";"Berufe Baustoffprüfung-fachl.ausg.Tät.";"J"
"41433";"Berufe Baustoffprüfung-kompl.Spez.tät.";"J"
"41434";"Berufe Baustoffprüfung-hoch kompl.Tät.";"J"
"4148";"Berufe Physik (sonst.spez.Tät.)";"J"
"41482";"Berufe Physik (sonst.spez.Tät.)-fachl.ausg.Tät.";"J"
"41483";"Berufe Physik (sonst.spez.Tät.)-kompl.Spez.tät.";"J"
"41484";"Berufe Physik (sonst.spez.Tät.)-hoch kompl.Tät.";"J"
"4149";"Aufsichts- & Führungskr.-Physik";"J"
"41493";"Aufsichtskr.-Physik";"J"
"41494";"Führungskr.-Physik";"J"
"42";"Geologie-, Geografie- & Umweltschutzberufe";"J"
"421";"Geologie, Geografie & Meteorologie";"J"
"4211";"Berufe Geotechnik";"J"
"42112";"Berufe Geotechnik-fachl.ausg.Tät.";"J"
"42113";"Berufe Geotechnik-kompl.Spez.tät.";"J"
"42114";"Berufe Geotechnik-hoch kompl.Tät.";"J"
"4212";"Berufe Geologie";"J"
"42124";"Berufe Geologie-hoch kompl.Tät.";"J"
"4213";"Berufe Geografie";"J"
"42134";"Berufe Geografie-hoch kompl.Tät.";"J"
"4214";"Berufe Meteorologie";"J"
"42142";"Berufe Meteorologie-fachl.ausg.Tät.";"J"
"42143";"Berufe Meteorologie-kompl.Spez.tät.";"J"
"42144";"Berufe Meteorologie-hoch kompl.Tät.";"J"
"422";"Umweltschutztechnik";"J"
"4220";"Berufe Umweltschutztechnik (o.Spez.)";"J"
"42202";"Berufe Umweltschutztechnik (o.Spez.)-fachl.ausg.Tät.";"J"
"42203";"Berufe Umweltschutztechnik (o.Spez.)-kompl.Spez.tät.";"J"
"42204";"Berufe Umweltschutztechnik (o.Spez.)-hoch kompl.Tät.";"J"
"4221";"Schornsteinfeger/innen";"J"
"42212";"Schornsteinfeger/innen-fachl.ausg.Tät.";"J"
"4228";"Berufe Umweltschutztechnik (sonst.spez.Tät.)";"J"
"42283";"Berufe Umweltschutztechnik (sonst.spez.Tät.)-kompl.Spez.tät.";"J"
"4229";"Aufsichtskr.-Umweltschutztechnik";"J"
"42293";"Aufsichtskr.-Umweltschutztechnik";"J"
"423";"Umweltmanagement & -beratung";"J"
"4231";"Berufe Umweltschutzverwaltung & -beratung";"J"
"42312";"Berufe Umweltschutzverwaltung & -beratung-fachl.ausg.Tät.";"J"
"42313";"Berufe Umweltschutzverwaltung & -beratung-kompl.Spez.tät.";"J"
"42314";"Berufe Umweltschutzverwaltung & -beratung-hoch kompl.Tät.";"J"
"4232";"Gewässer-, Immissionsschutz-& Abfallbeauftr.";"J"
"42323";"Gewässer-, Immissionsschutz-& Abfallbeauftr.-kompl.Spez.tät.";"J"
"42324";"Gewässer-, Immissionsschutz-& Abfallbeauftr.-hoch kompl.Tät.";"J"
"4233";"Strahlenschutzbeauftragte";"J"
"42333";"Strahlenschutzbeauftragte-kompl.Spez.tät.";"J"
"42334";"Strahlenschutzbeauftragte-hoch kompl.Tät.";"J"
"4239";"Führungskr.-Umweltmanagement & -beratung";"J"
"42394";"Führungskr.-Umweltmanagement & -beratung";"J"
"43";"Informatik-, Informations- & Kommunikationstechnologieberufe";"J"
"431";"Informatik";"J"
"4310";"Berufe Informatik (o.Spez.)";"J"
"43102";"Berufe Informatik (o.Spez.)-fachl.ausg.Tät.";"J"
"43103";"Berufe Informatik (o.Spez.)-kompl.Spez.tät.";"J"
"43104";"Berufe Informatik (o.Spez.)-hoch kompl.Tät.";"J"
"4311";"Berufe Wirtschaftsinformatik";"J"
"43112";"Berufe Wirtschaftsinformatik-fachl.ausg.Tät.";"J"
"43113";"Berufe Wirtschaftsinformatik-kompl.Spez.tät.";"J"
"43114";"Berufe Wirtschaftsinformatik-hoch kompl.Tät.";"J"
"4312";"Berufe technische Informatik";"J"
"43122";"Berufe technische Informatik-fachl.ausg.Tät.";"J"
"43123";"Berufe technische Informatik-kompl.Spez.tät.";"J"
"43124";"Berufe technische Informatik-hoch kompl.Tät.";"J"
"4313";"Berufe Bio- & Medizininformatik";"J"
"43134";"Berufe Bio- & Medizininformatik-hoch kompl.Tät.";"J"
"4314";"Berufe Geoinformatik";"J"
"43144";"Berufe Geoinformatik-hoch kompl.Tät.";"J"
"4315";"Berufe Medieninformatik";"J"
"43152";"Berufe Medieninformatik-fachl.ausg.Tät.";"J"
"43153";"Berufe Medieninformatik-kompl.Spez.tät.";"J"
"43154";"Berufe Medieninformatik-hoch kompl.Tät.";"J"
"4319";"Führungskr.-Informatik";"J"
"43194";"Führungskr.-Informatik";"J"
"432";"IT-Systemanalyse, IT-Anwendungsberatung & IT-Vertrieb";"J"
"4321";"Berufe IT-Systemanalyse";"J"
"43214";"Berufe IT-Systemanalyse-hoch kompl.Tät.";"J"
"4322";"Berufe IT-Anwendungsberatung";"J"
"43223";"Berufe IT-Anwendungsberatung-kompl.Spez.tät.";"J"
"43224";"Berufe IT-Anwendungsberatung-hoch kompl.Tät.";"J"
"4323";"Berufe IT-Vertrieb";"J"
"43233";"Berufe IT-Vertrieb-kompl.Spez.tät.";"J"
"4329";"Führungskr.-IT-Systemanalyse, IT-Anwendungsber. & IT-Vertr.";"J"
"43294";"Führungskr.-IT-Systemanalyse, IT-Anwendungsber. & IT-Vertr.";"J"
"433";"IT-Netzwerktechnik, IT-Koord., IT-Admin. & IT-Organisation";"J"
"4331";"Berufe IT-Netzwerktechnik";"J"
"43313";"Berufe IT-Netzwerktechnik-kompl.Spez.tät.";"J"
"43314";"Berufe IT-Netzwerktechnik-hoch kompl.Tät.";"J"
"4332";"Berufe IT-Koordination";"J"
"43323";"Berufe IT-Koordination-kompl.Spez.tät.";"J"
"4333";"Berufe IT-Organisation";"J"
"43333";"Berufe IT-Organisation-kompl.Spez.tät.";"J"
"4334";"Berufe IT-Systemadministation";"J"
"43343";"Berufe IT-Systemadministation-kompl.Spez.tät.";"J"
"4335";"Berufe Datenbankentwicklung & -administration";"J"
"43353";"Berufe Datenbankentwicklung &-administration-kompl.Spez.tät.";"J"
"4336";"Berufe Webadministration";"J"
"43363";"Berufe Webadministration-kompl.Spez.tät.";"J"
"4338";"Berufe IT-Netzw.-Adm&-Orga.(sonst.spez.Tät.)";"J"
"43383";"Berufe IT-Netzw.-Adm&-Orga.(sonst.spez.Tät.)-kompl.Spez.tät.";"J"
"43384";"Berufe IT-Netzw.-Adm&-Orga.(sonst.spez.Tät.)-hoch kompl.Tät.";"J"
"4339";"Führungskr.-IT-Netzwerkt., IT-Koord., IT-Admin. & IT-Orga.";"J"
"43394";"Führungskr.-IT-Netzwerkt., IT-Koord., IT-Admin. & IT-Orga.";"J"
"434";"Softwareentwicklung & Programmierung";"J"
"4341";"Berufe Softwareentwicklung";"J"
"43412";"Berufe Softwareentwicklung-fachl.ausg.Tät.";"J"
"43413";"Berufe Softwareentwicklung-kompl.Spez.tät.";"J"
"43414";"Berufe Softwareentwicklung-hoch kompl.Tät.";"J"
"4342";"Berufe Programmierung";"J"
"43423";"Berufe Programmierung-kompl.Spez.tät.";"J"
"4349";"Führungskr.-Softwareentwicklung & Programmierung";"J"
"43494";"Führungskr.-Softwareentwicklung & Programmierung";"J"
"5";"Verkehr, Logistik, Schutz & Sicherheit";"J"
"51";"Verkehrs- & Logistikberufe (außer Fahrzeugführung)";"J"
"511";"Technischer Betrieb des Eisenbahn-, Luft- & Schiffsverkehrs";"J"
"5111";"Berufe technischer Eisenbahnbetrieb";"J"
"51112";"Berufe technischer Eisenbahnbetrieb-fachl.ausg.Tät.";"J"
"51113";"Berufe technischer Eisenbahnbetrieb-kompl.Spez.tät.";"J"
"5112";"Berufe technischer Luftverkehrsbetrieb";"J"
"51122";"Berufe technischer Luftverkehrsbetrieb-fachl.ausg.Tät.";"J"
"51123";"Berufe technischer Luftverkehrsbetrieb-kompl.Spez.tät.";"J"
"5113";"Berufe technischer Schiffsverkehrsbetrieb";"J"
"51132";"Berufe technischer Schiffsverkehrsbetrieb-fachl.ausg.Tät.";"J"
"51133";"Berufe technischer Schiffsverkehrsbetrieb-kompl.Spez.tät.";"J"
"51134";"Berufe technischer Schiffsverkehrsbetrieb-hoch kompl.Tät.";"J"
"5118";"Berufe Betr.Eisenb,Luft&Schiffsv.(s.sp.Tät.)";"J"
"51182";"Berufe Betr.Eisenb,Luft&Schiffsv.(s.sp.Tät.)-fachl.ausg.Tät.";"J"
"51183";"Berufe Betr.Eisenb,Luft&Schiffsv.(s.sp.Tät.)-kompl.Spez.tät.";"J"
"5119";"Aufsichtskr.-Techn. Betrieb Eisenbahn-, Luft- & Schiffsverk.";"J"
"51193";"Aufsichtskr.-Techn. Betrieb Eisenbahn-, Luft- & Schiffsverk.";"J"
"512";"Überwachung & Wartung der Verkehrsinfrastruktur";"J"
"5121";"Straßen- & Tunnelwärter/innen";"J"
"51212";"Straßen- & Tunnelwärter/innen-fachl.ausg.Tät.";"J"
"5122";"Berufe Überwach.&Wart. Eisenbahninfrastrukt.";"J"
"51222";"Berufe Überwach.&Wart. Eisenbahninfrastrukt.-fachl.ausg.Tät.";"J"
"51223";"Berufe Überwach.&Wart. Eisenbahninfrastrukt.-kompl.Spez.tät.";"J"
"51224";"Berufe Überwach.&Wart. Eisenbahninfrastrukt.-hoch kompl.Tät.";"J"
"5123";"Berufe Flugsicherungstechnik";"J"
"51233";"Berufe Flugsicherungstechnik-kompl.Spez.tät.";"J"
"51234";"Berufe Flugsicherungstechnik-hoch kompl.Tät.";"J"
"5124";"Wasserstraßen- & Brückenwärter/innen";"J"
"51242";"Wasserstraßen- & Brückenwärter/innen-fachl.ausg.Tät.";"J"
"51243";"Wasserstraßen- & Brückenwärter/innen-kompl.Spez.tät.";"J"
"5129";"Aufsichtskr.-Überwachung & Wartung der Verkehrsinfrastruktur";"J"
"51293";"Aufsichtskr.-Überwachung & Wartung der Verkehrsinfrastruktur";"J"
"513";"Lagerwirtschaft, Post & Zustellung, Güterumschlag";"J"
"5131";"Berufe Lagerwirtschaft";"J"
"51311";"Berufe Lagerwirtschaft-Helf./Anlerntät.";"J"
"51312";"Berufe Lagerwirtschaft-fachl.ausg.Tät.";"J"
"5132";"Berufe Post- & Zustelldienste";"J"
"51321";"Berufe Post- & Zustelldienste-Helf./Anlerntät.";"J"
"51322";"Berufe Post- & Zustelldienste-fachl.ausg.Tät.";"J"
"5133";"Berufe Güter- & Warenumschlag";"J"
"51332";"Berufe Güter- & Warenumschlag-fachl.ausg.Tät.";"J"
"5139";"Aufsichts- & Führungskr.-Lagerw.,Post&Zustell.,Güterumschlag";"J"
"51393";"Aufsichtskr.-Lagerw.,Post&Zustell.,Güterumschlag";"J"
"51394";"Führungskr.-Lagerw.,Post&Zustell.,Güterumschlag";"J"
"514";"Servicekräfte Personenverkehr";"J"
"5141";"Servicefachkräfte Straßen- & Schienenverkehr";"J"
"51412";"Servicefachkräfte Straßen- & Schienenverkehr-fachl.ausg.Tät.";"J"
"5142";"Servicefachkräfte Luftverkehr";"J"
"51422";"Servicefachkrfte Luftverkehr-fachl.ausg.Tät.";"J"
"5143";"Servicefachkräfte Schiffsverkehr";"J"
"51432";"Servicefachkräfte Schiffsverkehr-fachl.ausg.Tät.";"J"
"5149";"Aufsichtskr.-Personenverkehr (Servicebereich)";"J"
"51493";"Aufsichtskr.-Personenverkehr (Service)";"J"
"515";"Überwachung & Steuerung des Verkehrsbetriebs";"J"
"5150";"Berufe Überw.&Steuer.Verkehrsbetr. (o.Spez.)";"J"
"51503";"Berufe Überw.&Steuer.Verkehrsbetr. (o.Spez.)-kompl.Spez.tät.";"J"
"51504";"Berufe Überw.&Steuer.Verkehrsbetr. (o.Spez.)-hoch kompl.Tät.";"J"
"5151";"Berufe Überwach.&Steuer.Straßenverkehrsbetr.";"J"
"51512";"Berufe Überwach.&Steuer.Straßenverkehrsbetr.-fachl.ausg.Tät.";"J"
"51513";"Berufe Überwach.&Steuer.Straßenverkehrsbetr.-kompl.Spez.tät.";"J"
"5152";"Berufe Überw.&Steuer.Eisenbahnverkehrsbetr.";"J"
"51522";"Berufe Überw.&Steuer.Eisenbahnverkehrsbetr.-fachl.ausg.Tät.";"J"
"51523";"Berufe Überw.&Steuer.Eisenbahnverkehrsbetr.-kompl.Spez.tät.";"J"
"5153";"Berufe Überwach. & Steuer. Luftverkehrsbetr.";"J"
"51532";"Berufe Überwach. & Steuer. Luftverkehrsbetr.-fachl.ausg.Tät.";"J"
"51533";"Berufe Überwach. & Steuer. Luftverkehrsbetr.-kompl.Spez.tät.";"J"
"51534";"Berufe Überwach. & Steuer. Luftverkehrsbetr.-hoch kompl.Tät.";"J"
"5154";"Berufe Überwach.&Steuer.Schiffsverkehrsbetr.";"J"
"51543";"Berufe Überwach.&Steuer.Schiffsverkehrsbetr.-kompl.Spez.tät.";"J"
"5158";"Berufe Überw.&Steu.Verkehrsbet.(s.spez.Tät.)";"J"
"51583";"Berufe Überw.&Steu.Verkehrsbet.(s.spez.Tät.)-kompl.Spez.tät.";"J"
"5159";"Aufsichts- & Führungskr.-Überwach. & Steuer. Verkehrsbetrieb";"J"
"51593";"Aufsichtskr.-Überwach. & Steuer. Verkehrsbetrieb";"J"
"51594";"Führungskr.-Überwach. & Steuer. Verkehrsbetrieb";"J"
"516";"Kaufleute-Verkehr & Logistik";"J"
"5161";"Verkehrskaufleute";"J"
"51613";"Verkehrskaufleute-kompl.Spez.tät.";"J"
"51614";"Verkehrskaufleute-hoch kompl.Tät.";"J"
"5162";"Speditions- & Logistikkaufleute";"J"
"51622";"Speditions- & Logistikkaufleute-fachl.ausg.Tät.";"J"
"51623";"Speditions- & Logistikkaufleute-kompl.Spez.tät.";"J"
"51624";"Speditions- & Logistikkaufleute-hoch kompl.Tät.";"J"
"5163";"Straßen- & Schienenverkehrskaufleute";"J"
"51632";"Straßen- & Schienenverkehrskaufleute-fachl.ausg.Tät.";"J"
"51633";"Straßen- & Schienenverkehrskaufleute-kompl.Spez.tät.";"J"
"5164";"Luftverkehrskaufleute";"J"
"51642";"Luftverkehrskaufleute-fachl.ausg.Tät.";"J"
"51643";"Luftverkehrskaufleute-kompl.Spez.tät.";"J"
"5165";"Schifffahrtskaufleute";"J"
"51652";"Schifffahrtskaufleute-fachl.ausg.Tät.";"J"
"51653";"Schifffahrtskaufleute-kompl.Spez.tät.";"J"
"5166";"Kurier-, Express-& Postdienstleistungskaufl.";"J"
"51662";"Kurier-, Express-& Postdienstleistungskaufl.-fachl.ausg.Tät.";"J"
"51663";"Kurier-, Express-& Postdienstleistungskaufl.-kompl.Spez.tät.";"J"
"5169";"Führungskr.-Verkehr & Logistik (kaufmännischer Bereich)";"J"
"51694";"Führungskr.-Verkehr & Logistik (kaufmännischer Bereich)";"J"
"52";"Führer/innen von Fahrzeug- & Transportgeräten";"J"
"521";"Fahrzeugführung Straßenverkehr";"J"
"5211";"Berufskraftfahrer/innen (Personentrans./PKW)";"J"
"52112";"Berufskraftfahrer/innen (Personentrans./PKW)-fachl.ausg.Tät.";"J"
"5212";"Berufskraftfahrer/innen (Güterverkehr/LKW)";"J"
"52122";"Berufskraftfahrer/innen (Güterverkehr/LKW)-fachl.ausg.Tät.";"J"
"5213";"Bus- & Straßenbahnfahrer/innen";"J"
"52132";"Bus- & Straßenbahnfahrer/innen-fachl.ausg.Tät.";"J"
"5218";"Fahrzeugführ. Straßenverk. (sonst.spez.Tät.)";"J"
"52182";"Fahrzeugführ. Straßenverk. (sonst.spez.Tät.)-fachl.ausg.Tät.";"J"
"522";"Fahrzeugführung Eisenbahnverkehr";"J"
"5220";"Triebfahrzeugführ.Eisenbahnverkehr (o.Spez.)";"J"
"52202";"Triebfahrzeugführ.Eisenbahnverkehr (o.Spez.)-fachl.ausg.Tät.";"J"
"523";"Fahrzeugführung Flugverkehr";"J"
"5231";"Piloten/Pilotinnen & Verkehrsflugzeugführ.";"J"
"52313";"Piloten/Pilotinnen & Verkehrsflugzeugführ.-kompl.Spez.tät.";"J"
"52314";"Piloten/Pilotinnen & Verkehrsflugzeugführ.-hoch kompl.Tät.";"J"
"5238";"Fahrzeugführ. Flugverkehr (sonst.spez.Tät.)";"J"
"52383";"Fahrzeugführ. Flugverkehr (sonst.spez.Tät.)-kompl.Spez.tät.";"J"
"52384";"Fahrzeugführ. Flugverkehr (sonst.spez.Tät.)-hoch kompl.Tät.";"J"
"524";"Fahrzeugführung Schiffsverkehr";"J"
"5241";"Nautisch. Schiffsoffizier. & Kapitäne/-innen";"J"
"52413";"Nautisch. Schiffsoffizier. & Kapitäne/-innen-kompl.Spez.tät.";"J"
"52414";"Nautisch. Schiffsoffizier. & Kapitäne/-innen-hoch kompl.Tät.";"J"
"5242";"Schiffsführer/innen Binnensch. & Hafenverk.";"J"
"52422";"Schiffsführer/innen Binnensch. & Hafenverk.-fachl.ausg.Tät.";"J"
"52423";"Schiffsführer/innen Binnensch. & Hafenverk.-kompl.Spez.tät.";"J"
"525";"Bau- & Transportgeräteführung";"J"
"5251";"Führer/innen land- & forstwirtsch. Maschinen";"J"
"52512";"Führer/innen land- & forstwirtsch. Maschinen-fachl.ausg.Tät.";"J"
"5252";"Führer/innen Erdbewegungs- & verw. Maschinen";"J"
"52522";"Führer/innen Erdbewegungs- & verw. Maschinen-fachl.ausg.Tät.";"J"
"5253";"Kranführ.,Aufzugsmasch.& Bed.verw.Hebeeinr.";"J"
"52531";"Kranführ.,Aufzugsmasch.& Bed.verw.Hebeeinr.-Helf./Anlerntät.";"J"
"52532";"Kranführ.,Aufzugsmasch.& Bed.verw.Hebeeinr.-fachl.ausg.Tät.";"J"
"5259";"Aufsichtskr.-Bau- & Transportgeräteführung";"J"
"52593";"Aufsichtskr.-Bau- & Transportgeräteführung";"J"
"53";"Schutz-, Sicherheits- & Überwachungsberufe";"J"
"531";"Objekt-, Personen-, Brandschutz, Arbeitssicherheit";"J"
"5311";"Berufe Objekt-, Werte- & Personenschutz";"J"
"53111";"Berufe Objekt-, Werte- & Personenschutz-Helf./Anlerntät.";"J"
"53112";"Berufe Objekt-, Werte- & Personenschutz-fachl.ausg.Tät.";"J"
"5312";"Berufe Arbeitssicherheit & Sicherheitstechn.";"J"
"53122";"Berufe Arbeitssicherheit & Sicherheitstechn.-fachl.ausg.Tät.";"J"
"53123";"Berufe Arbeitssicherheit & Sicherheitstechn.-kompl.Spez.tät.";"J"
"53124";"Berufe Arbeitssicherheit & Sicherheitstechn.-hoch kompl.Tät.";"J"
"5313";"Berufe Brandschutz";"J"
"53132";"Berufe Brandschutz-fachl.ausg.Tät.";"J"
"53133";"Berufe Brandschutz-kompl.Spez.tät.";"J"
"53134";"Berufe Brandschutz-hoch kompl.Tät.";"J"
"5314";"Berufe Badeaufsicht";"J"
"53142";"Berufe Badeaufsicht-fachl.ausg.Tät.";"J"
"5315";"Detektive/Detektivinnen";"J"
"53152";"Detektive/Detektivinnen-fachl.ausg.Tät.";"J"
"5316";"Inkassobeauftragte";"J"
"53162";"Inkassobeauftragte-fachl.ausg.Tät.";"J"
"5318";"Obj,Pers,Brandsch,Arbeitssich(son.spez.Tät.)";"J"
"53182";"Obj,Pers,Brandsch,Arbeitssich(son.spez.Tät.)-fachl.ausg.Tät.";"J"
"53183";"Obj,Pers,Brandsch,Arbeitssich(son.spez.Tät.)-kompl.Spez.tät.";"J"
"53184";"Obj,Pers,Brandsch,Arbeitssich(son.spez.Tät.)-hoch kompl.Tät.";"J"
"5319";"Aufsichts- & Führungskr.-Obj.,Pers.-,Brandsch.,Arbeitssich.";"J"
"53193";"Aufsichtskr.-Obj.,Pers.-,Brandsch.,Arbeitssich.";"J"
"53194";"Führungskr.-Obj.,Pers.-,Brandsch.,Arbeitssich.";"J"
"532";"Polizeivollzugs- & Kriminaldienst, Gerichts- & Justizvollzug";"J"
"5321";"Berufe Polizeivollzugsdienst";"J"
"53212";"Berufe Polizeivollzugsdienst-fachl.ausg.Tät.";"J"
"53213";"Berufe Polizeivollzugsdienst-kompl.Spez.tät.";"J"
"53214";"Berufe Polizeivollzugsdienst-hoch kompl.Tät.";"J"
"5322";"Berufe Kriminaldienst";"J"
"53222";"Berufe Kriminaldienst-fachl.ausg.Tät.";"J"
"53223";"Berufe Kriminaldienst-kompl.Spez.tät.";"J"
"53224";"Berufe Kriminaldienst-hoch kompl.Tät.";"J"
"5323";"Berufe Gerichtsvollzug";"J"
"53232";"Berufe Gerichtsvollzug-fachl.ausg.Tät.";"J"
"53233";"Berufe Gerichtsvollzug-kompl.Spez.tät.";"J"
"5324";"Berufe Justizvollzugsdienst";"J"
"53241";"Berufe Justizvollzugsdienst-Helf./Anlerntät.";"J"
"53242";"Berufe Justizvollzugsdienst-fachl.ausg.Tät.";"J"
"53243";"Berufe Justizvollzugsdienst-kompl.Spez.tät.";"J"
"53244";"Berufe Justizvollzugsdienst-hoch kompl.Tät.";"J"
"533";"Gewerbe- & Gesundheitsaufsicht, Desinfektion";"J"
"5331";"Berufe Gewerbeaufsicht";"J"
"53312";"Berufe Gewerbeaufsicht-fachl.ausg.Tät.";"J"
"53313";"Berufe Gewerbeaufsicht-kompl.Spez.tät.";"J"
"53314";"Berufe Gewerbeaufsicht-hoch kompl.Tät.";"J"
"5332";"Berufe Gesundheitsaufs. & Hygieneüberwachung";"J"
"53322";"Berufe Gesundheitsaufs. & Hygieneüberwachung-fachl.ausg.Tät.";"J"
"53323";"Berufe Gesundheitsaufs. & Hygieneüberwachung-kompl.Spez.tät.";"J"
"5333";"Berufe Lebensmittelkontrolle";"J"
"53332";"Berufe Lebensmittelkontrolle-fachl.ausg.Tät.";"J"
"53333";"Berufe Lebensmittelkontrolle-kompl.Spez.tät.";"J"
"5334";"Berufe Desinfektion & Schädlingsbekämpfung";"J"
"53342";"Berufe Desinfektion & Schädlingsbekämpfung-fachl.ausg.Tät.";"J"
"5339";"Aufsichts- & Führungskr.-Gewerbe-& Gesundheitsaufs., Desinf.";"J"
"53393";"Aufsichtskr.-Gewerbe-& Gesundheitsaufs., Desinf.";"J"
"53394";"Führungskr.-Gewerbe-& Gesundheitsaufs., Desinf.";"J"
"54";"Reinigungsberufe";"J"
"541";"Reinigung";"J"
"5410";"Berufe Reinigung (o.Spez.)";"J"
"54101";"Berufe Reinigung (o.Spez.)-Helf./Anlerntät.";"J"
"5411";"Berufe Gebäudereinigung";"J"
"54112";"Berufe Gebäudereinigung-fachl.ausg.Tät.";"J"
"54113";"Berufe Gebäudereinigung-kompl.Spez.tät.";"J"
"5412";"Berufe Glas- & Fensterreinigung";"J"
"54122";"Berufe Glas- & Fensterreinigung-fachl.ausg.Tät.";"J"
"5413";"Berufe Textilreinigung";"J"
"54132";"Berufe Textilreinigung-fachl.ausg.Tät.";"J"
"5414";"Berufe Maschinen- & Anlagenreinigung";"J"
"54142";"Berufe Maschinen- & Anlagenreinigung-fachl.ausg.Tät.";"J"
"5415";"Berufe Fahrzeugreinigung";"J"
"54152";"Berufe Fahrzeugreinigung-fachl.ausg.Tät.";"J"
"5418";"Berufe Reinigung (sonst.spez.Tät.)";"J"
"54182";"Berufe Reinigung (sonst.spez.Tät.)-fachl.ausg.Tät.";"J"
"5419";"Aufsichtskr.-Reinigung";"J"
"54193";"Aufsichtskr.-Reinigung";"J"
"6";"Kaufm.Dienstleist., Warenhandel, Vertrieb, Hotel & Tourismus";"J"
"61";"Einkaufs-, Vertriebs- & Handelsberufe";"J"
"611";"Einkauf & Vertrieb";"J"
"6111";"Berufe Einkauf";"J"
"61112";"Berufe Einkauf-fachl.ausg.Tät.";"J"
"61113";"Berufe Einkauf-kompl.Spez.tät.";"J"
"6112";"Berufe Vertrieb (auß. Inf.-& Kommunik.tech.)";"J"
"61122";"Berufe Vertrieb (auß. Inf.-& Kommunik.tech.)-fachl.ausg.Tät.";"J"
"61123";"Berufe Vertrieb (auß. Inf.-& Kommunik.tech.)-kompl.Spez.tät.";"J"
"61124";"Berufe Vertrieb (auß. Inf.-& Kommunik.tech.)-hoch kompl.Tät.";"J"
"6113";"Handelsmakler/innen & Auktionatoren/-innen";"J"
"61132";"Handelsmakler/innen & Auktionatoren/-innen-fachl.ausg.Tät.";"J"
"61133";"Handelsmakler/innen & Auktionatoren/-innen-kompl.Spez.tät.";"J"
"6114";"Kaufleute Automatenservice";"J"
"61142";"Kaufleute Automatenservice-fachl.ausg.Tät.";"J"
"6115";"Berufe Geld- & Pfandverleih";"J"
"61152";"Berufe Geld- & Pfandverleih-fachl.ausg.Tät.";"J"
"6116";"Berufe Verleih (außer Geld- & Pfandverleih)";"J"
"61162";"Berufe Verleih (außer Geld- & Pfandverleih)-fachl.ausg.Tät.";"J"
"6119";"Führungskr.-Einkauf & Vertrieb";"J"
"61194";"Führungskr.-Einkauf & Vertrieb";"J"
"612";"Handel";"J"
"6120";"Kaufleute Handel (o.Spez.)";"J"
"61203";"Kaufleute Handel (o.Spez.)-kompl.Spez.tät.";"J"
"61204";"Kaufleute Handel (o.Spez.)-hoch kompl.Tät.";"J"
"6121";"Kaufleute Groß- & Außenhandel";"J"
"61212";"Kaufleute Groß- & Außenhandel-fachl.ausg.Tät.";"J"
"61213";"Kaufleute Groß- & Außenhandel-kompl.Spez.tät.";"J"
"61214";"Kaufleute Groß- & Außenhandel-hoch kompl.Tät.";"J"
"6128";"Kaufleute Handel (sonst.spez.Tät.)";"J"
"61282";"Kaufleute Handel (sonst.spez.Tät.)-fachl.ausg.Tät.";"J"
"61283";"Kaufleute Handel (sonst.spez.Tät.)-kompl.Spez.tät.";"J"
"61284";"Kaufleute Handel (sonst.spez.Tät.)-hoch kompl.Tät.";"J"
"6129";"Führungskr.-Handel";"J"
"61294";"Führungskr.-Handel";"J"
"613";"Immobilienwirtschaft & Facility-Management";"J"
"6131";"Berufe Immobilienvermarktung & -verwaltung";"J"
"61312";"Berufe Immobilienvermarktung & -verwaltung-fachl.ausg.Tät.";"J"
"61313";"Berufe Immobilienvermarktung & -verwaltung-kompl.Spez.tät.";"J"
"61314";"Berufe Immobilienvermarktung & -verwaltung-hoch kompl.Tät.";"J"
"6132";"Berufe Facility-Management";"J"
"61323";"Berufe Facility-Management-kompl.Spez.tät.";"J"
"6139";"Führungskr.-Immobilienwirtschaft & Facility-Management";"J"
"61394";"Führungskr.-Immobilienwirtschaft & Facility-Management";"J"
"62";"Verkaufsberufe";"J"
"621";"Verkauf (ohne Produktspezialisierung)";"J"
"6210";"Berufe Verkauf (ohne Produktspezialisier.)";"J"
"62101";"Berufe Verkauf (ohne Produktspezialisier.)-Helf./Anlerntät.";"J"
"62102";"Berufe Verkauf (ohne Produktspezialisier.)-fachl.ausg.Tät.";"J"
"62103";"Berufe Verkauf (ohne Produktspezialisier.)-kompl.Spez.tät.";"J"
"6211";"Kassierer/innen & Kartenverkäufer/innen";"J"
"62112";"Kassierer/innen & Kartenverkäufer/innen-fachl.ausg.Tät.";"J"
"6212";"Verkaufsstand- & Marktverkäufer/innen";"J"
"62122";"Verkaufsstand- & Marktverkäufer/innen-fachl.ausg.Tät.";"J"
"6218";"Berufe Verk. (o.Produktsp.)(sonst.spez.Tät.)";"J"
"62182";"Berufe Verk. (o.Produktsp.)(sonst.spez.Tät.)-fachl.ausg.Tät.";"J"
"62183";"Berufe Verk. (o.Produktsp.)(sonst.spez.Tät.)-kompl.Spez.tät.";"J"
"6219";"Aufsichts- & Führungskr.-Verkauf";"J"
"62193";"Aufsichtskr.-Verkauf";"J"
"62194";"Führungskr.-Verkauf";"J"
"622";"Verkauf Bekleidung, Elektronik, Kraftfahrzeugen & Hartwaren";"J"
"6221";"Berufe Verk. Bekl.,Sportart.,Lederw.&Schuhe";"J"
"62212";"Berufe Verk. Bekl.,Sportart.,Lederw.&Schuhe-fachl.ausg.Tät.";"J"
"6222";"Berufe Verkauf von Schmuck & Uhren";"J"
"62222";"Berufe Verkauf von Schmuck & Uhren-fachl.ausg.Tät.";"J"
"6223";"Berufe Verkauf Bürobed.,Geschenk-&Spielwaren";"J"
"62232";"Berufe Verkauf Bürobed.,Geschenk-&Spielwaren-fachl.ausg.Tät.";"J"
"6224";"Berufe Verk. Elektro-,Elektronik&Haushaltsw.";"J"
"62242";"Berufe Verk. Elektro-,Elektronik&Haushaltsw.-fachl.ausg.Tät.";"J"
"6225";"Berufe Verkauf Möbel & Einrichtungsgegenst.";"J"
"62252";"Berufe Verkauf Möbel & Einrichtungsgegenst.-fachl.ausg.Tät.";"J"
"6226";"Berufe Verk. Garten-,Heimw.-,Haust.-&Zoobed.";"J"
"62262";"Berufe Verk. Garten-,Heimw.-,Haust.-&Zoobed.-fachl.ausg.Tät.";"J"
"6227";"Berufe Verkauf Kraftfahrz., Zweiräder&Zubeh.";"J"
"62272";"Berufe Verkauf Kraftfahrz., Zweiräder&Zubeh.-fachl.ausg.Tät.";"J"
"6228";"Berufe Verkauf (sonst.spez.Tät.)";"J"
"62282";"Berufe Verkauf (sonst.spez.Tät.)-fachl.ausg.Tät.";"J"
"623";"Verkauf von Lebensmitteln";"J"
"6230";"Berufe Verkauf von Lebensmitteln (o.Spez.)";"J"
"62301";"Berufe Verkauf von Lebensmitteln (o.Spez.)-Helf./Anlerntät.";"J"
"62302";"Berufe Verkauf von Lebensmitteln (o.Spez.)-fachl.ausg.Tät.";"J"
"6231";"Berufe Verkauf von Back- & Konditoreiwaren";"J"
"62312";"Berufe Verkauf von Back- & Konditoreiwaren-fachl.ausg.Tät.";"J"
"6232";"Berufe Verkauf von Fleischwaren";"J"
"62322";"Berufe Verkauf von Fleischwaren-fachl.ausg.Tät.";"J"
"6238";"Berufe Verkauf Lebensmitt. (sonst.spez.Tät.)";"J"
"62382";"Berufe Verkauf Lebensmitt. (sonst.spez.Tät.)-fachl.ausg.Tät.";"J"
"624";"Verkauf drogerie-&apothekenübl.Waren, Sanitäts-& Medizinbed.";"J"
"6241";"Berufe Verkauf drogerie-&apothekenübl. Waren";"J"
"62412";"Berufe Verkauf drogerie-&apothekenübl. Waren-fachl.ausg.Tät.";"J"
"6242";"Berufe Verkauf von Sanitäts- & Medizinbedarf";"J"
"62422";"Berufe Verkauf von Sanitäts- & Medizinbedarf-fachl.ausg.Tät.";"J"
"625";"Buch-, Kunst-, Antiquitäten- & Musikfachhandel";"J"
"6251";"Berufe Buchhandel";"J"
"62512";"Berufe Buchhandel-fachl.ausg.Tät.";"J"
"62513";"Berufe Buchhandel-kompl.Spez.tät.";"J"
"62514";"Berufe Buchhandel-hoch kompl.Tät.";"J"
"6252";"Berufe Kunst- & Antiquitätenhandel";"J"
"62522";"Berufe Kunst- & Antiquitätenhandel-fachl.ausg.Tät.";"J"
"6253";"Berufe Musikfachhandel";"J"
"62532";"Berufe Musikfachhandel-fachl.ausg.Tät.";"J"
"63";"Tourismus-, Hotel- & Gaststättenberufe";"J"
"631";"Tourismus & Sport";"J"
"6311";"Tourismuskaufleute";"J"
"63112";"Tourismuskaufleute-fachl.ausg.Tät.";"J"
"63113";"Tourismuskaufleute-kompl.Spez.tät.";"J"
"63114";"Tourismuskaufleute-hoch kompl.Tät.";"J"
"6312";"Sport-& Fitnesskaufleute, Sportmanager/innen";"J"
"63122";"Sport-& Fitnesskaufleute, Sportmanager/innen-fachl.ausg.Tät.";"J"
"63123";"Sport-& Fitnesskaufleute, Sportmanager/innen-kompl.Spez.tät.";"J"
"63124";"Sport-& Fitnesskaufleute, Sportmanager/innen-hoch kompl.Tät.";"J"
"6313";"Animateure/-innen & Gästebetreuer/innen";"J"
"63132";"Animateure/-innen & Gästebetreuer/innen-fachl.ausg.Tät.";"J"
"6314";"Reiseleiter/innen & Fremdenführer/innen";"J"
"63142";"Reiseleiter/innen & Fremdenführer/innen-fachl.ausg.Tät.";"J"
"63143";"Reiseleiter/innen & Fremdenführer/innen-kompl.Spez.tät.";"J"
"6319";"Führungskr.-Tourismus & Sport";"J"
"63194";"Führungskr.-Tourismus & Sport";"J"
"632";"Hotellerie";"J"
"6321";"Hotelkaufleute";"J"
"63212";"Hotelkaufleute-fachl.ausg.Tät.";"J"
"63213";"Hotelkaufleute-kompl.Spez.tät.";"J"
"6322";"Berufe Hotelservice";"J"
"63221";"Berufe Hotelservice-Helf./Anlerntät.";"J"
"63222";"Berufe Hotelservice-fachl.ausg.Tät.";"J"
"6329";"Aufsichts- & Führungskr.-Hotellerie";"J"
"63293";"Aufsichtskr.-Hotellerie";"J"
"63294";"Führungskr.-Hotellerie";"J"
"633";"Gastronomie";"J"
"6330";"Berufe Gastronomieservice (o.Spez.)";"J"
"63301";"Berufe Gastronomieservice (o.Spez.)-Helf./Anlerntät.";"J"
"63302";"Berufe Gastronomieservice (o.Spez.)-fachl.ausg.Tät.";"J"
"63303";"Berufe Gastronomieservice (o.Spez.)-kompl.Spez.tät.";"J"
"6331";"Berufe Systemgastronomie";"J"
"63312";"Berufe Systemgastronomie-fachl.ausg.Tät.";"J"
"63313";"Berufe Systemgastronomie-kompl.Spez.tät.";"J"
"6332";"Barkeeper/innen";"J"
"63322";"Barkeeper/innen-fachl.ausg.Tät.";"J"
"6338";"Berufe Gastronomie (sonst.spez.Tät.)";"J"
"63382";"Berufe Gastronomie (sonst.spez.Tät.)-fachl.ausg.Tät.";"J"
"63383";"Berufe Gastronomie (sonst.spez.Tät.)-kompl.Spez.tät.";"J"
"6339";"Aufsichts- & Führungskr.-Gastronomie & Systemgastronomie";"J"
"63393";"Aufsichtskr.-Gastronomie & Systemgastronomie";"J"
"63394";"Führungskr.-Gastronomie & Systemgastronomie";"J"
"634";"Veranstaltungsservice & -management";"J"
"6340";"Berufe Veranstaltungsservice & -management";"J"
"63401";"Berufe Veranstaltungsservice & -management-Helf./Anlerntät.";"J"
"63402";"Berufe Veranstaltungsservice & -management-fachl.ausg.Tät.";"J"
"63403";"Berufe Veranstaltungsservice & -management-kompl.Spez.tät.";"J"
"63404";"Berufe Veranstaltungsservice & -management-hoch kompl.Tät.";"J"
"7";"Unternehmensorganisation, Buchhaltung, Recht & Verwaltung";"J"
"71";"Berufe Unternehmensführung & -organisation";"J"
"711";"Geschäftsführung & Vorstand";"J"
"7110";"Geschäftsführer/innen & Vorstände";"J"
"71104";"Geschäftsführer/innen & Vorstände-hoch kompl.Tät.";"J"
"712";"Angeh. gesetzgeb. Körpersch. & leit.Bedienst. Interessenorg.";"J"
"7121";"Angehörige gesetzgebender Körperschaften";"J"
"71214";"Angehörige gesetzgebender Körperschaften-hoch kompl.Tät.";"J"
"7122";"Leitende Bedienstete von Interessenorganis.";"J"
"71224";"Leitende Bedienstete von Interessenorganis.-hoch kompl.Tät.";"J"
"7123";"Betriebsinterne Wahlämter";"J"
"71234";"Betriebsinterne Wahlämter-hoch kompl.Tät.";"J"
"713";"Unternehmensorganisation & -strategie";"J"
"7130";"Berufe kaufm. & techn. Betriebsw. (o.Spez.)";"J"
"71302";"Berufe kaufm. & techn. Betriebsw. (o.Spez.)-fachl.ausg.Tät.";"J"
"71303";"Berufe kaufm. & techn. Betriebsw. (o.Spez.)-kompl.Spez.tät.";"J"
"71304";"Berufe kaufm. & techn. Betriebsw. (o.Spez.)-hoch kompl.Tät.";"J"
"7131";"Berufe Unternehmensorganisation & -planung";"J"
"71314";"Berufe Unternehmensorganisation & -planung-hoch kompl.Tät.";"J"
"7132";"Berufe Unternehmensberatung";"J"
"71324";"Berufe Unternehmensberatung-hoch kompl.Tät.";"J"
"7133";"Berufe Wirtschaftsförderung";"J"
"71333";"Berufe Wirtschaftsförderung-kompl.Spez.tät.";"J"
"7138";"Berufe Unternehmensorg.&-strat.(s.spez.Tät.)";"J"
"71382";"Berufe Unternehmensorg.&-strat.(s.spez.Tät.)-fachl.ausg.Tät.";"J"
"71383";"Berufe Unternehmensorg.&-strat.(s.spez.Tät.)-kompl.Spez.tät.";"J"
"71384";"Berufe Unternehmensorg.&-strat.(s.spez.Tät.)-hoch kompl.Tät.";"J"
"7139";"Aufsichts- & Führungskr.-Unternehmensorganis. & -strategie";"J"
"71393";"Aufsichtskr.-Unternehmensorganis. & -strategie";"J"
"71394";"Führungskr.-Unternehmensorganis. & -strategie";"J"
"714";"Büro & Sekretariat";"J"
"7140";"Büro- & Sekretariatskräfte (o.Spez.)";"J"
"71401";"Büro- & Sekretariatskräfte (o.Spez.)-Helf./Anlerntät.";"J"
"71402";"Büro- & Sekretariatskräfte (o.Spez.)-fachl.ausg.Tät.";"J"
"71403";"Büro- & Sekretariatskräfte (o.Spez.)-kompl.Spez.tät.";"J"
"7141";"Fremdsprachensekretäre & -korrespondenten";"J"
"71412";"Fremdsprachensekretäre & -korrespondenten-fachl.ausg.Tät.";"J"
"71413";"Fremdsprachensekretäre & -korrespondenten-kompl.Spez.tät.";"J"
"7142";"Dolmetscher/innen & Übersetzer/innen";"J"
"71423";"Dolmetscher/innen & Übersetzer/innen-kompl.Spez.tät.";"J"
"71424";"Dolmetscher/innen & Übersetzer/innen-hoch kompl.Tät.";"J"
"7143";"Steno- & Phonotypisten/-typistinnen";"J"
"71432";"Steno- & Phonotypisten/-typistinnen-fachl.ausg.Tät.";"J"
"71433";"Steno- & Phonotypisten/-typistinnen-kompl.Spez.tät.";"J"
"7144";"Kodierer/innen, Korrekturles. & verw.Bürokr.";"J"
"71442";"Kodierer/innen, Korrekturles. & verw.Bürokr.-fachl.ausg.Tät.";"J"
"7145";"Berufe Auskunft & Kundeninformation";"J"
"71452";"Berufe Auskunft & Kundeninformation-fachl.ausg.Tät.";"J"
"7149";"Aufsichtskr.- Büro & Sekretariat";"J"
"71493";"Aufsichtskr.- Büro & Sekretariat";"J"
"715";"Personalwesen & -dienstleistung";"J"
"7151";"Berufe Personalentwicklung &-sachbearbeitung";"J"
"71512";"Berufe Personalentwicklung &-sachbearbeitung-fachl.ausg.Tät.";"J"
"71513";"Berufe Personalentwicklung &-sachbearbeitung-kompl.Spez.tät.";"J"
"71514";"Berufe Personalentwicklung &-sachbearbeitung-hoch kompl.Tät.";"J"
"7152";"Berufe Personaldienstleistung";"J"
"71522";"Berufe Personaldienstleistung-fachl.ausg.Tät.";"J"
"71523";"Berufe Personaldienstleistung-kompl.Spez.tät.";"J"
"71524";"Berufe Personaldienstleistung-hoch kompl.Tät.";"J"
"7159";"Führungskr.-Personalwesen & -dienstleistung";"J"
"71594";"Führungskr.-Personalwesen & -dienstleistung";"J"
"72";"Berufe Finanzdienstleist., Rechnungswesen & Steuerberatung";"J"
"721";"Versicherungs- & Finanzdienstleistungen";"J"
"7211";"Bankkaufleute";"J"
"72112";"Bankkaufleute-fachl.ausg.Tät.";"J"
"72113";"Bankkaufleute-kompl.Spez.tät.";"J"
"7212";"Anlageberater/innen & sonst.Finanzdienstl.";"J"
"72122";"Anlageberater/innen & sonst.Finanzdienstl.-fachl.ausg.Tät.";"J"
"72123";"Anlageberater/innen & sonst.Finanzdienstl.-kompl.Spez.tät.";"J"
"72124";"Anlageberater/innen & sonst.Finanzdienstl.-hoch kompl.Tät.";"J"
"7213";"Versicherungskaufleute";"J"
"72132";"Versicherungskaufleute-fachl.ausg.Tät.";"J"
"72133";"Versicherungskaufleute-kompl.Spez.tät.";"J"
"72134";"Versicherungskaufleute-hoch kompl.Tät.";"J"
"7214";"Finanzanalysten/-analystinnen";"J"
"72144";"Finanzanalysten/-analystinnen-hoch kompl.Tät.";"J"
"7218";"Berufe Vers.&Finanzdienstl.(sonst.spez.Tät.)";"J"
"72182";"Berufe Vers.&Finanzdienstl.(sonst.spez.Tät.)-fachl.ausg.Tät.";"J"
"72183";"Berufe Vers.&Finanzdienstl.(sonst.spez.Tät.)-kompl.Spez.tät.";"J"
"72184";"Berufe Vers.&Finanzdienstl.(sonst.spez.Tät.)-hoch kompl.Tät.";"J"
"7219";"Führungskr.-Versicherungs- & Finanzdienstleistungen";"J"
"72194";"Führungskr.-Versicherungs- & Finanzdienstleistungen";"J"
"722";"Rechnungswesen, Controlling & Revision";"J"
"7221";"Berufe Buchhaltung";"J"
"72212";"Berufe Buchhaltung-fachl.ausg.Tät.";"J"
"72213";"Berufe Buchhaltung-kompl.Spez.tät.";"J"
"72214";"Berufe Buchhaltung-hoch kompl.Tät.";"J"
"7222";"Berufe Kostenrechnung & Kalkulation";"J"
"72223";"Berufe Kostenrechnung & Kalkulation-kompl.Spez.tät.";"J"
"72224";"Berufe Kostenrechnung & Kalkulation-hoch kompl.Tät.";"J"
"7223";"Berufe Controlling";"J"
"72233";"Berufe Controlling-kompl.Spez.tät.";"J"
"72234";"Berufe Controlling-hoch kompl.Tät.";"J"
"7224";"Berufe Wirtschaftsprüfung";"J"
"72243";"Berufe Wirtschaftsprüfung-kompl.Spez.tät.";"J"
"72244";"Berufe Wirtschaftsprüfung-hoch kompl.Tät.";"J"
"7229";"Führungskr.-Rechnungswesen, Controlling & Revision";"J"
"72294";"Führungskr.-Rechnungswesen, Controlling & Revision";"J"
"723";"Steuerberatung";"J"
"7230";"Berufe Steuerberatung";"J"
"72302";"Berufe Steuerberatung-fachl.ausg.Tät.";"J"
"72303";"Berufe Steuerberatung-kompl.Spez.tät.";"J"
"72304";"Berufe Steuerberatung-hoch kompl.Tät.";"J"
"73";"Berufe Recht & Verwaltung";"J"
"731";"Rechtsberatung, -sprechung & -ordnung";"J"
"7310";"Berufe Rechtsberat.,-sprech.&-ordn.(o.Spez.)";"J"
"73104";"Berufe Rechtsberat.,-sprech.&-ordn.(o.Spez.)-hoch kompl.Tät.";"J"
"7311";"Assistenzkr. Rechtsanwaltskanzlei & Notariat";"J"
"73112";"Assistenzkr. Rechtsanwaltskanzlei & Notariat-fachl.ausg.Tät.";"J"
"73113";"Assistenzkr. Rechtsanwaltskanzlei & Notariat-kompl.Spez.tät.";"J"
"7312";"Notare/Notarinnen";"J"
"73124";"Notare/Notarinnen-hoch kompl.Tät.";"J"
"7313";"Rechtsanwälte/-anwältinnen";"J"
"73134";"Rechtsanwälte/-anwältinnen-hoch kompl.Tät.";"J"
"7314";"Staatsanwälte/-anwältinnen";"J"
"73144";"Staatsanwälte/-anwältinnen-hoch kompl.Tät.";"J"
"7315";"Richter/innen";"J"
"73154";"Richter/innen-hoch kompl.Tät.";"J"
"7316";"Berufe Verfassungsschutz";"J"
"73162";"Berufe Verfassungsschutz-fachl.ausg.Tät.";"J"
"73163";"Berufe Verfassungsschutz-kompl.Spez.tät.";"J"
"73164";"Berufe Verfassungsschutz-hoch kompl.Tät.";"J"
"7318";"Berufe Rechtsb.,-sprech.&-ordn.(s.spez.Tät.)";"J"
"73183";"Berufe Rechtsb.,-sprech.&-ordn.(s.spez.Tät.)-kompl.Spez.tät.";"J"
"73184";"Berufe Rechtsb.,-sprech.&-ordn.(s.spez.Tät.)-hoch kompl.Tät.";"J"
"7319";"Führungskr.-Rechtsberatung, -sprechung & -ordnung";"J"
"73194";"Führungskr.-Rechtsberatung, -sprechung & -ordnung";"J"
"732";"Verwaltung";"J"
"7320";"Berufe öffentliche Verwaltung (o.Spez.)";"J"
"73201";"Berufe öffentliche Verwaltung (o.Spez.)-Helf./Anlerntät.";"J"
"73202";"Berufe öffentliche Verwaltung (o.Spez.)-fachl.ausg.Tät.";"J"
"73203";"Berufe öffentliche Verwaltung (o.Spez.)-kompl.Spez.tät.";"J"
"73204";"Berufe öffentliche Verwaltung (o.Spez.)-hoch kompl.Tät.";"J"
"7321";"Berufe Sozialverwaltung & -versicherung";"J"
"73212";"Berufe Sozialverwaltung & -versicherung-fachl.ausg.Tät.";"J"
"73213";"Berufe Sozialverwaltung & -versicherung-kompl.Spez.tät.";"J"
"73214";"Berufe Sozialverwaltung & -versicherung-hoch kompl.Tät.";"J"
"7322";"Verwaltende Berufe Sozial-& Gesundheitswesen";"J"
"73222";"Verwaltende Berufe Sozial-& Gesundheitswesen-fachl.ausg.Tät.";"J"
"73223";"Verwaltende Berufe Sozial-& Gesundheitswesen-kompl.Spez.tät.";"J"
"73224";"Verwaltende Berufe Sozial-& Gesundheitswesen-hoch kompl.Tät.";"J"
"7323";"Berufe Steuerverwaltung";"J"
"73231";"Berufe Steuerverwaltung-Helf./Anlerntät.";"J"
"73232";"Berufe Steuerverwaltung-fachl.ausg.Tät.";"J"
"73233";"Berufe Steuerverwaltung-kompl.Spez.tät.";"J"
"73234";"Berufe Steuerverwaltung-hoch kompl.Tät.";"J"
"7324";"Berufe Zolldienst";"J"
"73241";"Berufe Zolldienst-Helf./Anlerntät.";"J"
"73242";"Berufe Zolldienst-fachl.ausg.Tät.";"J"
"73243";"Berufe Zolldienst-kompl.Spez.tät.";"J"
"73244";"Berufe Zolldienst-hoch kompl.Tät.";"J"
"7325";"Berufe Justizverwaltung";"J"
"73252";"Berufe Justizverwaltung-fachl.ausg.Tät.";"J"
"73253";"Berufe Justizverwaltung-kompl.Spez.tät.";"J"
"73254";"Berufe Justizverwaltung-hoch kompl.Tät.";"J"
"7328";"Berufe öffentl. Verwaltung (sonst.spez.Tät.)";"J"
"73282";"Berufe öffentl. Verwaltung (sonst.spez.Tät.)-fachl.ausg.Tät.";"J"
"73283";"Berufe öffentl. Verwaltung (sonst.spez.Tät.)-kompl.Spez.tät.";"J"
"73284";"Berufe öffentl. Verwaltung (sonst.spez.Tät.)-hoch kompl.Tät.";"J"
"7329";"Aufsichts- & Führungskr.-Verwaltung";"J"
"73293";"Aufsichtskr.-Verwaltung";"J"
"73294";"Führungskr.-Verwaltung";"J"
"733";"Medien-, Dokumentations- & Informationsdienste";"J"
"7331";"Berufe Archivwesen";"J"
"73312";"Berufe Archivwesen-fachl.ausg.Tät.";"J"
"73313";"Berufe Archivwesen-kompl.Spez.tät.";"J"
"73314";"Berufe Archivwesen-hoch kompl.Tät.";"J"
"7332";"Berufe Bibliothekswesen";"J"
"73322";"Berufe Bibliothekswesen-fachl.ausg.Tät.";"J"
"73323";"Berufe Bibliothekswesen-kompl.Spez.tät.";"J"
"73324";"Berufe Bibliothekswesen-hoch kompl.Tät.";"J"
"7333";"Berufe Dokumentations- & Informationsdienst";"J"
"73332";"Berufe Dokumentations- & Informationsdienst-fachl.ausg.Tät.";"J"
"73333";"Berufe Dokumentations- & Informationsdienst-kompl.Spez.tät.";"J"
"73334";"Berufe Dokumentations- & Informationsdienst-hoch kompl.Tät.";"J"
"7334";"Berufe medizinische Dokumentation";"J"
"73342";"Berufe medizinische Dokumentation-fachl.ausg.Tät.";"J"
"7339";"Führungskr.-Medien-, Dokumentations- & Informationsdienste";"J"
"73394";"Führungskr.-Medien-, Dokumentations- & Informationsdienste";"J"
"8";"Gesundheit, Soziales, Lehre & Erziehung";"J"
"81";"Medizinische Gesundheitsberufe";"J"
"811";"Arzt- & Praxishilfe";"J"
"8110";"Medizinische Fachangestellte (o.Spez.)";"J"
"81102";"Medizinische Fachangestellte (o.Spez.)-fachl.ausg.Tät.";"J"
"81103";"Medizinische Fachangestellte (o.Spez.)-kompl.Spez.tät.";"J"
"8111";"Zahnmedizinische Fachangestellte";"J"
"81112";"Zahnmedizinische Fachangestellte-fachl.ausg.Tät.";"J"
"81113";"Zahnmedizinische Fachangestellte-kompl.Spez.tät.";"J"
"8112";"Podologen/Podologinnen";"J"
"81122";"Podologen/Podologinnen-fachl.ausg.Tät.";"J"
"8113";"Orthoptisten/Orthoptistinnen";"J"
"81132";"Orthoptisten/Orthoptistinnen-fachl.ausg.Tät.";"J"
"8114";"Tiermedizinische Fachangestellte";"J"
"81142";"Tiermedizinische Fachangestellte-fachl.ausg.Tät.";"J"
"81143";"Tiermedizinische Fachangestellte-kompl.Spez.tät.";"J"
"8118";"Medizin. Fachangestellte (sonst.spez.Tät.)";"J"
"81182";"Medizin. Fachangestellte (sonst.spez.Tät.)-fachl.ausg.Tät.";"J"
"81183";"Medizin. Fachangestellte (sonst.spez.Tät.)-kompl.Spez.tät.";"J"
"812";"Medizinisches Laboratorium";"J"
"8121";"Medizinisch-technische Berufe Laboratorium";"J"
"81212";"Medizinisch-technische Berufe Laboratorium-fachl.ausg.Tät.";"J"
"81213";"Medizinisch-technische Berufe Laboratorium-kompl.Spez.tät.";"J"
"81214";"Medizinisch-technische Berufe Laboratorium-hoch kompl.Tät.";"J"
"8122";"Medizin.-techn. Berufe Funktionsdiagnostik";"J"
"81222";"Medizin.-techn. Berufe Funktionsdiagnostik-fachl.ausg.Tät.";"J"
"81223";"Medizin.-techn. Berufe Funktionsdiagnostik-kompl.Spez.tät.";"J"
"81224";"Medizin.-techn. Berufe Funktionsdiagnostik-hoch kompl.Tät.";"J"
"8123";"Medizinisch-technische Berufe Radiologie";"J"
"81232";"Medizinisch-technische Berufe Radiologie-fachl.ausg.Tät.";"J"
"81233";"Medizinisch-technische Berufe Radiologie-kompl.Spez.tät.";"J"
"81234";"Medizinisch-technische Berufe Radiologie-hoch kompl.Tät.";"J"
"8124";"Medizinisch-techn. Berufe Veterinärmedizin";"J"
"81242";"Medizinisch-techn. Berufe Veterinärmedizin-fachl.ausg.Tät.";"J"
"81243";"Medizinisch-techn. Berufe Veterinärmedizin-kompl.Spez.tät.";"J"
"8129";"Führungskr.-Medizinisches Laboratorium";"J"
"81294";"Führungskr.-Medizinisches Laboratorium";"J"
"813";"Gesundheits- & Krankenpflege, Rettungsdienst & Geburtshilfe";"J"
"8130";"Berufe Gesundh.- & Krankenpflege (o.Spez.)";"J"
"81301";"Berufe Gesundh.- & Krankenpflege (o.Spez.)-Helf./Anlerntät.";"J"
"81302";"Berufe Gesundh.- & Krankenpflege (o.Spez.)-fachl.ausg.Tät.";"J"
"8131";"Berufe Fachkrankenpflege";"J"
"81313";"Berufe Fachkrankenpflege-kompl.Spez.tät.";"J"
"8132";"Berufe Fachkinderkrankenpflege";"J"
"81323";"Berufe Fachkinderkrankenpflege-kompl.Spez.tät.";"J"
"8133";"Berufe operations-/medizintechn. Assistenz";"J"
"81332";"Berufe operations-/medizintechn. Assistenz-fachl.ausg.Tät.";"J"
"81333";"Berufe operations-/medizintechn. Assistenz-kompl.Spez.tät.";"J"
"8134";"Berufe Rettungsdienst";"J"
"81341";"Berufe Rettungsdienst-Helf./Anlerntät.";"J"
"81342";"Berufe Rettungsdienst-fachl.ausg.Tät.";"J"
"81343";"Berufe Rettungsdienst-kompl.Spez.tät.";"J"
"8135";"Berufe Geburtshilfe & Entbindungspflege";"J"
"81352";"Berufe Geburtshilfe & Entbindungspflege-fachl.ausg.Tät.";"J"
"81353";"Berufe Geburtshilfe & Entbindungspflege-kompl.Spez.tät.";"J"
"8138";"Berufe Gesundh.&Krankenpfl.(sonst.spez.Tät.)";"J"
"81382";"Berufe Gesundh.&Krankenpfl.(sonst.spez.Tät.)-fachl.ausg.Tät.";"J"
"81383";"Berufe Gesundh.&Krankenpfl.(sonst.spez.Tät.)-kompl.Spez.tät.";"J"
"8139";"Aufs.&Führung.-Gesundh.-&Krankenpflege, Rettungsd.&Geburtsh.";"J"
"81393";"Aufsichtskr.-Gesundh.-&Krankenpflege, Rettungsd.&Geburtsh.";"J"
"81394";"Führungskr.-Gesundh.-&Krankenpflege, Rettungsd.&Geburtsh.";"J"
"814";"Human- & Zahnmedizin";"J"
"8140";"Ärzte/Ärztinnen (o.Spez.)";"J"
"81404";"Ärzte/Ärztinnen (o.Spez.)-hoch kompl.Tät.";"J"
"8141";"Fachärzte/-ärztinnen Kinder- & Jugendmedizin";"J"
"81414";"Fachärzte/-ärztinnen Kinder- & Jugendmedizin-hoch kompl.Tät.";"J"
"8142";"Fachärzte/-ärztinnen Innere Medizin";"J"
"81424";"Fachärzte/-ärztinnen Innere Medizin-hoch kompl.Tät.";"J"
"8143";"Fachärzte/-ärztinnen Chirurgie";"J"
"81434";"Fachärzte/-ärztinnen Chirurgie-hoch kompl.Tät.";"J"
"8144";"Fachärzte Hautkrankh.,Sinnes&Geschlechtsorg.";"J"
"81444";"Fachärzte Hautkrankh.,Sinnes&Geschlechtsorg.-hoch kompl.Tät.";"J"
"8145";"Fachärzte/-ärztinnen Anästhesiologie";"J"
"81454";"Fachärzte/-ärztinnen Anästhesiologie-hoch kompl.Tät.";"J"
"8146";"Fachärzte Neur.,Psych.,Psychot.&psychos.Med.";"J"
"81464";"Fachärzte Neur.,Psych.,Psychot.&psychos.Med.-hoch kompl.Tät.";"J"
"8147";"Zahnärzte/-innen & Kieferorthopäden/-innen";"J"
"81474";"Zahnärzte/-innen & Kieferorthopäden/-innen-hoch kompl.Tät.";"J"
"8148";"Ärzte/Ärztinnen (sonst.spez.Tät.)";"J"
"81484";"Ärzte/Ärztinnen (sonst.spez.Tät.)-hoch kompl.Tät.";"J"
"8149";"Führungskr.-Human- & Zahnmedizin";"J"
"81494";"Führungskr.-Human- & Zahnmedizin";"J"
"815";"Tiermedizin & Tierheilkunde";"J"
"8150";"Tierärzte/-ärztinnen (o.Spez.)";"J"
"81504";"Tierärzte/-ärztinnen (o.Spez.)-hoch kompl.Tät.";"J"
"8151";"Tierärzte/-ärztinnen für Groß- & Nutztiere";"J"
"81514";"Tierärzte/-ärztinnen für Groß- & Nutztiere-hoch kompl.Tät.";"J"
"8152";"Tierärzte/-ärztinnen für Haus- & Heimtiere";"J"
"81524";"Tierärzte/-ärztinnen für Haus- & Heimtiere-hoch kompl.Tät.";"J"
"8153";"Tierheilpraktiker/innen";"J"
"81532";"Tierheilpraktiker/innen-fachl.ausg.Tät.";"J"
"8158";"Berufe Tiermed.&Tierheilk. (sonst.spez.Tät.)";"J"
"81584";"Berufe Tiermed.&Tierheilk. (sonst.spez.Tät.)-hoch kompl.Tät.";"J"
"8159";"Führungskr.-Tiermedizin & Tierheilkunde";"J"
"81594";"Führungskr.-Tiermedizin & Tierheilkunde";"J"
"816";"Psychologie & nicht ärztliche Psychotherapie";"J"
"8161";"Berufe nicht klinische Psychologie";"J"
"81614";"Berufe nicht klinische Psychologie-hoch kompl.Tät.";"J"
"8162";"Berufe klinische Psychologie";"J"
"81623";"Berufe klinische Psychologie-kompl.Spez.tät.";"J"
"81624";"Berufe klinische Psychologie-hoch kompl.Tät.";"J"
"8163";"Berufe nicht ärztliche Psychotherapie";"J"
"81634";"Berufe nicht ärztliche Psychotherapie-hoch kompl.Tät.";"J"
"817";"Nicht ärztliche Therapie & Heilkunde";"J"
"8171";"Berufe Physiotherapie";"J"
"81712";"Berufe Physiotherapie-fachl.ausg.Tät.";"J"
"81713";"Berufe Physiotherapie-kompl.Spez.tät.";"J"
"81714";"Berufe Physiotherapie-hoch kompl.Tät.";"J"
"8172";"Berufe Ergotherapie";"J"
"81722";"Berufe Ergotherapie-fachl.ausg.Tät.";"J"
"81723";"Berufe Ergotherapie-kompl.Spez.tät.";"J"
"81724";"Berufe Ergotherapie-hoch kompl.Tät.";"J"
"8173";"Berufe Sprachtherapie";"J"
"81733";"Berufe Sprachtherapie-kompl.Spez.tät.";"J"
"81734";"Berufe Sprachtherapie-hoch kompl.Tät.";"J"
"8174";"Berufe Musik- & Kunsttherapie";"J"
"81743";"Berufe Musik- & Kunsttherapie-kompl.Spez.tät.";"J"
"81744";"Berufe Musik- & Kunsttherapie-hoch kompl.Tät.";"J"
"8175";"Berufe Heilkunde & Homöopathie";"J"
"81752";"Berufe Heilkunde & Homöopathie-fachl.ausg.Tät.";"J"
"81753";"Berufe Heilkunde & Homöopathie-kompl.Spez.tät.";"J"
"8176";"Berufe Diät- & Ernährungstherapie";"J"
"81762";"Berufe Diät- & Ernährungstherapie-fachl.ausg.Tät.";"J"
"81763";"Berufe Diät- & Ernährungstherapie-kompl.Spez.tät.";"J"
"81764";"Berufe Diät- & Ernährungstherapie-hoch kompl.Tät.";"J"
"8178";"Berufe nichtärzt.Ther.&Heilk.(son.spez.Tät.)";"J"
"81782";"Berufe nichtärzt.Ther.&Heilk.(son.spez.Tät.)-fachl.ausg.Tät.";"J"
"81783";"Berufe nichtärzt.Ther.&Heilk.(son.spez.Tät.)-kompl.Spez.tät.";"J"
"81784";"Berufe nichtärzt.Ther.&Heilk.(son.spez.Tät.)-hoch kompl.Tät.";"J"
"8179";"Führungskr.-Nicht ärztliche Therapie & Heilkunde";"J"
"81794";"Führungskr.-Nicht ärztliche Therapie & Heilkunde";"J"
"818";"Pharmazie";"J"
"8180";"Apotheker/innen,Pharmazeuten/Pharmazeutinnen";"J"
"81804";"Apotheker/innen,Pharmazeuten/Pharmazeutinnen-hoch kompl.Tät.";"J"
"8181";"Fachärzte/-ärztinnen Pharmakologie";"J"
"81814";"Fachärzte/-ärztinnen Pharmakologie-hoch kompl.Tät.";"J"
"8182";"Berufe pharmazeutisch-technische Assistenz";"J"
"81822";"Berufe pharmazeutisch-technische Assistenz-fachl.ausg.Tät.";"J"
"8188";"Berufe Pharmazie (sonst.spez.Tät.)";"J"
"81883";"Berufe Pharmazie (sonst.spez.Tät.)-kompl.Spez.tät.";"J"
"81884";"Berufe Pharmazie (sonst.spez.Tät.)-hoch kompl.Tät.";"J"
"8189";"Führungskr.-Pharmazie";"J"
"81894";"Führungskr.-Pharmazie";"J"
"82";"Nichtmed.Gesundheits-, Körperpflege-& Wellness, Medizintech.";"J"
"821";"Altenpflege";"J"
"8210";"Berufe Altenpflege (o.Spez.)";"J"
"82101";"Berufe Altenpflege (o.Spez.)-Helf./Anlerntät.";"J"
"82102";"Berufe Altenpflege (o.Spez.)-fachl.ausg.Tät.";"J"
"82103";"Berufe Altenpflege (o.Spez.)-kompl.Spez.tät.";"J"
"8218";"Berufe Altenpflege (sonst.spez.Tät.)";"J"
"82182";"Berufe Altenpflege (sonst.spez.Tät.)-fachl.ausg.Tät.";"J"
"82183";"Berufe Altenpflege (sonst.spez.Tät.)-kompl.Spez.tät.";"J"
"8219";"Führungskr.-Altenpflege";"J"
"82194";"Führungskr.-Altenpflege";"J"
"822";"Ernährungs- & Gesundheitsberatung, Wellness";"J"
"8221";"Berufe Gesundheitsberatung";"J"
"82212";"Berufe Gesundheitsberatung-fachl.ausg.Tät.";"J"
"82213";"Berufe Gesundheitsberatung-kompl.Spez.tät.";"J"
"82214";"Berufe Gesundheitsberatung-hoch kompl.Tät.";"J"
"8222";"Wellnessberufe";"J"
"82222";"Wellnessberufe-fachl.ausg.Tät.";"J"
"82223";"Wellnessberufe-kompl.Spez.tät.";"J"
"8223";"Berufe Ernährungsberatung";"J"
"82232";"Berufe Ernährungsberatung-fachl.ausg.Tät.";"J"
"82233";"Berufe Ernährungsberatung-kompl.Spez.tät.";"J"
"8224";"Qualitätsbeauftragte im Gesundheitswesen";"J"
"82243";"Qualitätsbeauftragte im Gesundheitswesen-kompl.Spez.tät.";"J"
"8228";"Ernähr.&Gesundheitsber.,Welln. (s.spez.Tät.)";"J"
"82283";"Ernähr.&Gesundheitsber.,Welln. (s.spez.Tät.)-kompl.Spez.tät.";"J"
"82284";"Ernähr.&Gesundheitsber.,Welln. (s.spez.Tät.)-hoch kompl.Tät.";"J"
"823";"Körperpflege";"J"
"8231";"Berufe Friseurgewerbe";"J"
"82311";"Berufe Friseurgewerbe-Helf./Anlerntät.";"J"
"82312";"Berufe Friseurgewerbe-fachl.ausg.Tät.";"J"
"8232";"Berufe Kosmetik";"J"
"82322";"Berufe Kosmetik-fachl.ausg.Tät.";"J"
"8233";"Tätowierer/innen & Piercer/innen";"J"
"82332";"Tätowierer/innen & Piercer/innen-fachl.ausg.Tät.";"J"
"8234";"Berufe Maskenbildnerei";"J"
"82342";"Berufe Maskenbildnerei-fachl.ausg.Tät.";"J"
"82343";"Berufe Maskenbildnerei-kompl.Spez.tät.";"J"
"8239";"Aufsichtskr.-Körperpflege";"J"
"82393";"Aufsichtskr.-Körperpflege";"J"
"824";"Bestattungswesen";"J"
"8240";"Berufe Bestattungswesen";"J"
"82402";"Berufe Bestattungswesen-fachl.ausg.Tät.";"J"
"82403";"Berufe Bestattungswesen-kompl.Spez.tät.";"J"
"8249";"Aufsichts- & Führungskr.-Bestattungswesen";"J"
"82493";"Aufsichtskr.-Bestattungswesen";"J"
"82494";"Führungskr.-Bestattungswesen";"J"
"825";"Medizin-, Orthopädie- & Rehatechnik";"J"
"8250";"Berufe Medizintechnik (o.Spez.)";"J"
"82502";"Berufe Medizintechnik (o.Spez.)-fachl.ausg.Tät.";"J"
"82503";"Berufe Medizintechnik (o.Spez.)-kompl.Spez.tät.";"J"
"82504";"Berufe Medizintechnik (o.Spez.)-hoch kompl.Tät.";"J"
"8251";"Berufe Orthopädie- & Rehatechnik";"J"
"82512";"Berufe Orthopädie- & Rehatechnik-fachl.ausg.Tät.";"J"
"82513";"Berufe Orthopädie- & Rehatechnik-kompl.Spez.tät.";"J"
"82514";"Berufe Orthopädie- & Rehatechnik-hoch kompl.Tät.";"J"
"8252";"Berufe Augenoptik";"J"
"82522";"Berufe Augenoptik-fachl.ausg.Tät.";"J"
"82523";"Berufe Augenoptik-kompl.Spez.tät.";"J"
"82524";"Berufe Augenoptik-hoch kompl.Tät.";"J"
"8253";"Berufe Hörgeräteakustik";"J"
"82532";"Berufe Hörgeräteakustik-fachl.ausg.Tät.";"J"
"82533";"Berufe Hörgeräteakustik-kompl.Spez.tät.";"J"
"82534";"Berufe Hörgeräteakustik-hoch kompl.Tät.";"J"
"8254";"Berufe Zahntechnik";"J"
"82542";"Berufe Zahntechnik-fachl.ausg.Tät.";"J"
"8259";"Aufsichts- & Führungskr.-Medizin-, Orthopädie- & Rehatechnik";"J"
"82593";"Aufsichtskr.-Medizin-, Orthopädie- & Rehatechnik";"J"
"82594";"Führungskr.-Medizin-, Orthopädie- & Rehatechnik";"J"
"83";"Erziehung, soziale & hauswirtschaftliche Berufe, Theologie";"J"
"831";"Erziehung, Sozialarbeit, Heilerziehungspflege";"J"
"8311";"Berufe Kinderbetreuung & -erziehung";"J"
"83111";"Berufe Kinderbetreuung & -erziehung-Helf./Anlerntät.";"J"
"83112";"Berufe Kinderbetreuung & -erziehung-fachl.ausg.Tät.";"J"
"8312";"Berufe Sozialarbeit & Sozialpädagogik";"J"
"83123";"Berufe Sozialarbeit & Sozialpädagogik-kompl.Spez.tät.";"J"
"83124";"Berufe Sozialarbeit & Sozialpädagogik-hoch kompl.Tät.";"J"
"8313";"Berufe Heilerziehungspfl. & Sonderpädagogik";"J"
"83131";"Berufe Heilerziehungspfl. & Sonderpädagogik-Helf./Anlerntät.";"J"
"83132";"Berufe Heilerziehungspfl. & Sonderpädagogik-fachl.ausg.Tät.";"J"
"83133";"Berufe Heilerziehungspfl. & Sonderpädagogik-kompl.Spez.tät.";"J"
"83134";"Berufe Heilerziehungspfl. & Sonderpädagogik-hoch kompl.Tät.";"J"
"8314";"Berufe Haus- & Familienpflege";"J"
"83142";"Berufe Haus- & Familienpflege-fachl.ausg.Tät.";"J"
"83143";"Berufe Haus- & Familienpflege-kompl.Spez.tät.";"J"
"8315";"Berufe Sozial-, Erziehungs- & Suchtberatung";"J"
"83154";"Berufe Sozial-, Erziehungs- & Suchtberatung-hoch kompl.Tät.";"J"
"8319";"Aufsicht-& Führungskr.-Erzieh.,Sozialarb.,Heilerziehungspfl.";"J"
"83193";"Aufsichtskr.-Erzieh.,Sozialarb.,Heilerziehungspfl.";"J"
"83194";"Führungskr.-Erzieh.,Sozialarb.,Heilerziehungspfl.";"J"
"832";"Hauswirtschaft & Verbraucherberatung";"J"
"8321";"Berufe Hauswirtschaft";"J"
"83211";"Berufe Hauswirtschaft-Helf./Anlerntät.";"J"
"83212";"Berufe Hauswirtschaft-fachl.ausg.Tät.";"J"
"83213";"Berufe Hauswirtschaft-kompl.Spez.tät.";"J"
"8322";"Berufe Verbraucherberatung";"J"
"83223";"Berufe Verbraucherberatung-kompl.Spez.tät.";"J"
"8329";"Aufsichtskr.-Hauswirtschaft & Verbraucherberatung";"J"
"83293";"Aufsichtskr.-Hauswirtschaft & Verbraucherberatung";"J"
"833";"Theologie & Gemeindearbeit";"J"
"8331";"Berufe Theologie";"J"
"83314";"Berufe Theologie-hoch kompl.Tät.";"J"
"8332";"Berufe Gemeindearbeit";"J"
"83322";"Berufe Gemeindearbeit-fachl.ausg.Tät.";"J"
"83323";"Berufe Gemeindearbeit-kompl.Spez.tät.";"J"
"8333";"Angehörige geistlicher Orden & Mutterhäuser";"J"
"83332";"Angehörige geistlicher Orden & Mutterhäuser-fachl.ausg.Tät.";"J"
"83333";"Angehörige geistlicher Orden & Mutterhäuser-kompl.Spez.tät.";"J"
"8338";"Berufe Theol.&Gemeindearb. (sonst.spez.Tät.)";"J"
"83382";"Berufe Theol.&Gemeindearb. (sonst.spez.Tät.)-fachl.ausg.Tät.";"J"
"83383";"Berufe Theol.&Gemeindearb. (sonst.spez.Tät.)-kompl.Spez.tät.";"J"
"83384";"Berufe Theol.&Gemeindearb. (sonst.spez.Tät.)-hoch kompl.Tät.";"J"
"8339";"Führungskr.-Theologie & Gemeindearbeit";"J"
"83394";"Führungskr.-Theologie & Gemeindearbeit";"J"
"84";"Lehrende & ausbildende Berufe";"J"
"841";"Lehrtätigkeit an allgemeinbildenden Schulen";"J"
"8411";"Lehrkräfte Primarstufe";"J"
"84114";"Lehrkräfte Primarstufe-hoch kompl.Tät.";"J"
"8412";"Lehrkräfte Sekundarstufe";"J"
"84124";"Lehrkräfte Sekundarstufe-hoch kompl.Tät.";"J"
"8413";"Lehrkräfte Sonderschulen";"J"
"84134";"Lehrkräfte Sonderschulen-hoch kompl.Tät.";"J"
"8414";"Berufe Lehrerausbildung";"J"
"84144";"Berufe Lehrerausbildung-hoch kompl.Tät.";"J"
"8418";"Lehrkr. allgemeinb.Schulen (sonst.spez.Tät.)";"J"
"84183";"Lehrkr. allgemeinb.Schulen (sonst.spez.Tät.)-kompl.Spez.tät.";"J"
"84184";"Lehrkr. allgemeinb.Schulen (sonst.spez.Tät.)-hoch kompl.Tät.";"J"
"8419";"Führungskr.-Allgemeinbildende Schulen";"J"
"84194";"Führungskr.-Allgemeinbildende Schulen";"J"
"842";"Lehrtät. berufsbild. Fächer, betriebl. Ausb. & Betriebspäd.";"J"
"8421";"Lehrkräfte berufsbildende Fächer";"J"
"84213";"Lehrkräfte berufsbildende Fächer-kompl.Spez.tät.";"J"
"84214";"Lehrkräfte berufsbildende Fächer-hoch kompl.Tät.";"J"
"8422";"Berufe betriebl. Ausbildung & Betriebspäd.";"J"
"84223";"Berufe betriebl. Ausbildung & Betriebspäd.-kompl.Spez.tät.";"J"
"84224";"Berufe betriebl. Ausbildung & Betriebspäd.-hoch kompl.Tät.";"J"
"8429";"Führungskr.-Berufsschulen, betriebl. Ausbild. & Betriebspäd.";"J"
"84294";"Führungskr.-Berufsschulen, betriebl. Ausbild. & Betriebspäd.";"J"
"843";"Lehr- & Forschungstätigkeit an Hochschulen";"J"
"8430";"Berufe Hochschullehre & -forschung";"J"
"84304";"Berufe Hochschullehre & -forschung-hoch kompl.Tät.";"J"
"8439";"Führungskr.-Hochschullehre & -forschung";"J"
"84394";"Führungskr.-Hochschullehre & -forschung";"J"
"844";"Lehrtätigkeit an außerschulischen Bildungseinrichtungen";"J"
"8440";"Berufe Erwachsenenbildung (o.Spez.)";"J"
"84404";"Berufe Erwachsenenbildung (o.Spez.)-hoch kompl.Tät.";"J"
"8441";"Berufe Musikpädagogik";"J"
"84412";"Berufe Musikpädagogik-fachl.ausg.Tät.";"J"
"84413";"Berufe Musikpädagogik-kompl.Spez.tät.";"J"
"84414";"Berufe Musikpädagogik-hoch kompl.Tät.";"J"
"8442";"Berufe Religionspädagogik";"J"
"84424";"Berufe Religionspädagogik-hoch kompl.Tät.";"J"
"8443";"Berufe Kunst- & Theaterpädagogik";"J"
"84434";"Berufe Kunst- & Theaterpädagogik-hoch kompl.Tät.";"J"
"8444";"Berufe IT-Anwendungstraining";"J"
"84444";"Berufe IT-Anwendungstraining-hoch kompl.Tät.";"J"
"8445";"(Fremd-)Sprachenlehrer/innen";"J"
"84454";"(Fremd-)Sprachenlehrer/innen-hoch kompl.Tät.";"J"
"8448";"Lehrkr.außerschul.Bildungseinr.(s.spez.Tät.)";"J"
"84483";"Lehrkr.außerschul.Bildungseinr.(s.spez.Tät.)-kompl.Spez.tät.";"J"
"84484";"Lehrkr.außerschul.Bildungseinr.(s.spez.Tät.)-hoch kompl.Tät.";"J"
"8449";"Führungskr.-Außerschulische Bildungseinrichtungen";"J"
"84494";"Führungskr.-Außerschulische Bildungseinrichtungen";"J"
"845";"Fahr- & Sportunterricht an außerschul. Bildungseinrichtungen";"J"
"8450";"Sportlehrer/innen (o.Spez.)";"J"
"84503";"Sportlehrer/innen (o.Spez.)-kompl.Spez.tät.";"J"
"84504";"Sportlehrer/innen (o.Spez.)-hoch kompl.Tät.";"J"
"8451";"Fahrlehrer/innen";"J"
"84513";"Fahrlehrer/innen-kompl.Spez.tät.";"J"
"8452";"Fluglehrer/innen";"J"
"84523";"Fluglehrer/innen-kompl.Spez.tät.";"J"
"8453";"Tanzlehrer/innen";"J"
"84533";"Tanzlehrer/innen-kompl.Spez.tät.";"J"
"8454";"Trainer/innen-Ballsportarten";"J"
"84543";"Trainer/innen-Ballsportarten-kompl.Spez.tät.";"J"
"8455";"Trainer/innen-Fitness & Gymnastik";"J"
"84553";"Trainer/innen-Fitness & Gymnastik-kompl.Spez.tät.";"J"
"8458";"Sportlehrer/innen (sonst.spez.Tät.)";"J"
"84583";"Sportlehrer/innen (sonst.spez.Tät.)-kompl.Spez.tät.";"J"
"9";"Geistes-,Gesellschafts-&Wirtsch.,Medien,Kunst,Kult.&Gestalt.";"J"
"91";"Sprach-,literatur-,geistes-,gesellsch.-&wirtschaftsw. Berufe";"J"
"911";"Sprach- & Literaturwissenschaften";"J"
"9110";"Berufe Sprach- & Literaturwissens. (o.Spez.)";"J"
"91104";"Berufe Sprach- & Literaturwissens. (o.Spez.)-hoch kompl.Tät.";"J"
"9111";"Berufe Germanistik";"J"
"91114";"Berufe Germanistik-hoch kompl.Tät.";"J"
"9112";"Berufe Anglistik & Amerikanistik";"J"
"91124";"Berufe Anglistik & Amerikanistik-hoch kompl.Tät.";"J"
"9113";"Berufe Romanistik";"J"
"91134";"Berufe Romanistik-hoch kompl.Tät.";"J"
"9114";"Berufe Slawistik & verwandten Bereichen";"J"
"91144";"Berufe Slawistik & verwandten Bereichen-hoch kompl.Tät.";"J"
"9115";"Berufe Arabistik & Orientalistik";"J"
"91154";"Berufe Arabistik & Orientalistik-hoch kompl.Tät.";"J"
"9116";"Berufe Sprach- & Literaturwiss. asiat. Raum";"J"
"91164";"Berufe Sprach- & Literaturwiss. asiat. Raum-hoch kompl.Tät.";"J"
"9117";"Berufe Altphilologie";"J"
"91174";"Berufe Altphilologie-hoch kompl.Tät.";"J"
"9118";"Berufe Sprach-&Literaturw. (sonst.spez.Tät.)";"J"
"91184";"Berufe Sprach-&Literaturw. (sonst.spez.Tät.)-hoch kompl.Tät.";"J"
"912";"Geisteswissenschaften";"J"
"9121";"Berufe Philosophie, Religion & Ethik";"J"
"91214";"Berufe Philosophie, Religion & Ethik-hoch kompl.Tät.";"J"
"9122";"Berufe Geschichtswissenschaften";"J"
"91224";"Berufe Geschichtswissenschaften-hoch kompl.Tät.";"J"
"9123";"Berufe Archäologie";"J"
"91233";"Berufe Archäologie-kompl.Spez.tät.";"J"
"91234";"Berufe Archäologie-hoch kompl.Tät.";"J"
"9124";"Berufe Medien- & Theaterwissenschaft";"J"
"91244";"Berufe Medien- & Theaterwissenschaft-hoch kompl.Tät.";"J"
"9125";"Berufe Regionalwissenschaft";"J"
"91254";"Berufe Regionalwissenschaft-hoch kompl.Tät.";"J"
"9126";"Berufe Anthropologie & Ethnologie";"J"
"91264";"Berufe Anthropologie & Ethnologie-hoch kompl.Tät.";"J"
"913";"Gesellschaftswissenschaften";"J"
"9131";"Berufe Politologie";"J"
"91314";"Berufe Politologie-hoch kompl.Tät.";"J"
"9132";"Berufe Soziologie";"J"
"91324";"Berufe Soziologie-hoch kompl.Tät.";"J"
"9133";"Berufe Erziehungswissenschaft";"J"
"91334";"Berufe Erziehungswissenschaft-hoch kompl.Tät.";"J"
"9134";"Berufe Markt- & Meinungsforschung";"J"
"91341";"Berufe Markt- & Meinungsforschung-Helf./Anlerntät.";"J"
"91342";"Berufe Markt- & Meinungsforschung-fachl.ausg.Tät.";"J"
"91343";"Berufe Markt- & Meinungsforschung-kompl.Spez.tät.";"J"
"91344";"Berufe Markt- & Meinungsforschung-hoch kompl.Tät.";"J"
"9135";"Berufe Demografie";"J"
"91354";"Berufe Demografie-hoch kompl.Tät.";"J"
"9138";"Berufe Gesellschaftswiss. (sonst.spez.Tät.)";"J"
"91384";"Berufe Gesellschaftswiss. (sonst.spez.Tät.)-hoch kompl.Tät.";"J"
"914";"Wirtschaftswissenschaften";"J"
"9140";"Berufe Wirtschaftswissenschaften (o.Spez.)";"J"
"91404";"Berufe Wirtschaftswissenschaften (o.Spez.)-hoch kompl.Tät.";"J"
"9148";"Berufe Wirtschaftswissen. (sonst.spez.Tät.)";"J"
"91484";"Berufe Wirtschaftswissen. (sonst.spez.Tät.)-hoch kompl.Tät.";"J"
"92";"Werbung, Marketing, kaufmänn. & redaktionelle Medienberufe";"J"
"921";"Werbung & Marketing";"J"
"9211";"Berufe Werbung & Marketing";"J"
"92112";"Berufe Werbung & Marketing-fachl.ausg.Tät.";"J"
"92113";"Berufe Werbung & Marketing-kompl.Spez.tät.";"J"
"92114";"Berufe Werbung & Marketing-hoch kompl.Tät.";"J"
"9212";"Berufe Dialogmarketing";"J"
"92122";"Berufe Dialogmarketing-fachl.ausg.Tät.";"J"
"92123";"Berufe Dialogmarketing-kompl.Spez.tät.";"J"
"9213";"Berufe Kundenmanagement";"J"
"92133";"Berufe Kundenmanagement-kompl.Spez.tät.";"J"
"9219";"Führungskr.-Werbung & Marketing";"J"
"92194";"Führungskr.-Werbung & Marketing";"J"
"922";"Öffentlichkeitsarbeit";"J"
"9220";"Berufe Öffentlichkeitsarbeit";"J"
"92203";"Berufe Öffentlichkeitsarbeit-kompl.Spez.tät.";"J"
"92204";"Berufe Öffentlichkeitsarbeit-hoch kompl.Tät.";"J"
"9229";"Führungskr.-Öffentlichkeitsarbeit";"J"
"92294";"Führungskr.-Öffentlichkeitsarbeit";"J"
"923";"Verlags- & Medienwirtschaft";"J"
"9230";"Verlags- & Medienkaufleute (o.Spez.)";"J"
"92302";"Verlags- & Medienkaufleute (o.Spez.)-fachl.ausg.Tät.";"J"
"92303";"Verlags- & Medienkaufleute (o.Spez.)-kompl.Spez.tät.";"J"
"92304";"Verlags- & Medienkaufleute (o.Spez.)-hoch kompl.Tät.";"J"
"9238";"Verlags- & Medienkaufleute (sonst.spez.Tät.)";"J"
"92382";"Verlags- & Medienkaufleute (sonst.spez.Tät.)-fachl.ausg.Tät.";"J"
"92383";"Verlags- & Medienkaufleute (sonst.spez.Tät.)-kompl.Spez.tät.";"J"
"92384";"Verlags- & Medienkaufleute (sonst.spez.Tät.)-hoch kompl.Tät.";"J"
"9239";"Führungskr.-Verlags- & Medienwirtschaft";"J"
"92394";"Führungskr.-Verlags- & Medienwirtschaft";"J"
"924";"Redaktion & Journalismus";"J"
"9241";"Redakteure/-innen & Journalisten/-innen";"J"
"92412";"Redakteure/-innen & Journalisten/-innen-fachl.ausg.Tät.";"J"
"92413";"Redakteure/-innen & Journalisten/-innen-kompl.Spez.tät.";"J"
"92414";"Redakteure/-innen & Journalisten/-innen-hoch kompl.Tät.";"J"
"9242";"Lektoren/Lektorinnen";"J"
"92424";"Lektoren/Lektorinnen-hoch kompl.Tät.";"J"
"9243";"Autoren/Autorinnen & Schriftsteller/innen";"J"
"92434";"Autoren/Autorinnen & Schriftsteller/innen-hoch kompl.Tät.";"J"
"9249";"Führungskr.-Redaktion & Journalismus";"J"
"92494";"Führungskr.-Redaktion & Journalismus";"J"
"93";"Produktd. & kunsth.Berufe, bild. Kunst, Musikinstrumentenbau";"J"
"931";"Produkt- & Industriedesign";"J"
"9310";"Berufe Produkt- & Industriedesign";"J"
"93102";"Berufe Produkt- & Industriedesign-fachl.ausg.Tät.";"J"
"93103";"Berufe Produkt- & Industriedesign-kompl.Spez.tät.";"J"
"93104";"Berufe Produkt- & Industriedesign-hoch kompl.Tät.";"J"
"932";"Innenarchitektur, visuelles Marketing, Raumausstattung";"J"
"9321";"Berufe Innenarchitektur";"J"
"93212";"Berufe Innenarchitektur-fachl.ausg.Tät.";"J"
"93213";"Berufe Innenarchitektur-kompl.Spez.tät.";"J"
"93214";"Berufe Innenarchitektur-hoch kompl.Tät.";"J"
"9322";"Berufe visuelles Marketing";"J"
"93222";"Berufe visuelles Marketing-fachl.ausg.Tät.";"J"
"93223";"Berufe visuelles Marketing-kompl.Spez.tät.";"J"
"9323";"Berufe Raumausstattung";"J"
"93232";"Berufe Raumausstattung-fachl.ausg.Tät.";"J"
"93233";"Berufe Raumausstattung-kompl.Spez.tät.";"J"
"9329";"Aufsichtskr.-Innenarchitektur, vis. Marketing, Raumausstatt.";"J"
"93293";"Aufsichtskr.-Innenarchitektur, vis. Marketing, Raumausstatt.";"J"
"933";"Kunsthandwerk & bildende Kunst";"J"
"9330";"Berufe Kunsthandwerk & bild. Kunst (o.Spez.)";"J"
"93302";"Berufe Kunsthandwerk & bild. Kunst (o.Spez.)-fachl.ausg.Tät.";"J"
"93303";"Berufe Kunsthandwerk & bild. Kunst (o.Spez.)-kompl.Spez.tät.";"J"
"93304";"Berufe Kunsthandwerk & bild. Kunst (o.Spez.)-hoch kompl.Tät.";"J"
"9331";"Berufe Bildhauerei";"J"
"93312";"Berufe Bildhauerei-fachl.ausg.Tät.";"J"
"93313";"Berufe Bildhauerei-kompl.Spez.tät.";"J"
"9332";"Kunstmaler/innen & Zeichner/innen";"J"
"93323";"Kunstmaler/innen & Zeichner/innen-kompl.Spez.tät.";"J"
"9333";"Berufe Drechslerei & Spielzeugherstellung";"J"
"93332";"Berufe Drechslerei & Spielzeugherstellung-fachl.ausg.Tät.";"J"
"93333";"Berufe Drechslerei & Spielzeugherstellung-kompl.Spez.tät.";"J"
"9334";"Berufe Vergolderhandwerk";"J"
"93342";"Berufe Vergolderhandwerk-fachl.ausg.Tät.";"J"
"93343";"Berufe Vergolderhandwerk-kompl.Spez.tät.";"J"
"9335";"Berufe Wachszieherei";"J"
"93352";"Berufe Wachszieherei-fachl.ausg.Tät.";"J"
"9338";"Berufe Kunsth.& bild.Kunst (sonst.spez.Tät.)";"J"
"93382";"Berufe Kunsth.& bild.Kunst (sonst.spez.Tät.)-fachl.ausg.Tät.";"J"
"93383";"Berufe Kunsth.& bild.Kunst (sonst.spez.Tät.)-kompl.Spez.tät.";"J"
"9339";"Aufsichtskr.-Kunsthandwerk & bildende Kunst";"J"
"93393";"Aufsichtskr.-Kunsthandwerk & bildende Kunst";"J"
"934";"Kunsthandwerkliche Keramik- & Glasgestaltung";"J"
"9341";"Berufe kunsthandwerkliche Keramikgestaltung";"J"
"93412";"Berufe kunsthandwerkliche Keramikgestaltung-fachl.ausg.Tät.";"J"
"93413";"Berufe kunsthandwerkliche Keramikgestaltung-kompl.Spez.tät.";"J"
"9342";"Berufe kunsth. Glas-, Keram- & Porzellanmal.";"J"
"93422";"Berufe kunsth. Glas-, Keram- & Porzellanmal.-fachl.ausg.Tät.";"J"
"9343";"Berufe kunsthandwerkliche Glasbläserei";"J"
"93432";"Berufe kunsthandwerkliche Glasbläserei-fachl.ausg.Tät.";"J"
"93433";"Berufe kunsthandwerkliche Glasbläserei-kompl.Spez.tät.";"J"
"9349";"Aufsichtskr.-Kunsthandwerkliche Keramik- & Glasgestaltung";"J"
"93493";"Aufsichtskr.-Kunsthandwerkliche Keramik- & Glasgestaltung";"J"
"935";"Kunsthandwerkliche Metallgestaltung";"J"
"9351";"Berufe kunsthandwerkliche Metallgestaltung";"J"
"93512";"Berufe kunsthandwerkliche Metallgestaltung-fachl.ausg.Tät.";"J"
"93513";"Berufe kunsthandwerkliche Metallgestaltung-kompl.Spez.tät.";"J"
"9352";"Kunsth.Schmuckwarenh,Edelst.&Edelmetallbear.";"J"
"93522";"Kunsth.Schmuckwarenh,Edelst.&Edelmetallbear.-fachl.ausg.Tät.";"J"
"93523";"Kunsth.Schmuckwarenh,Edelst.&Edelmetallbear.-kompl.Spez.tät.";"J"
"93524";"Kunsth.Schmuckwarenh,Edelst.&Edelmetallbear.-hoch kompl.Tät.";"J"
"9353";"Berufe Gravur";"J"
"93532";"Berufe Gravur-fachl.ausg.Tät.";"J"
"9354";"Berufe Schilder- & Lichtreklameherstellung";"J"
"93542";"Berufe Schilder- & Lichtreklameherstellung-fachl.ausg.Tät.";"J"
"9359";"Aufsichtskr.-Kunsthandwerkliche Metallgestaltung";"J"
"93593";"Aufsichtskr.-Kunsthandwerkliche Metallgestaltung";"J"
"936";"Musikinstrumentenbau";"J"
"9360";"Berufe Musikinstrumentenbau (o.Spez.)";"J"
"93602";"Berufe Musikinstrumentenbau (o.Spez.)-fachl.ausg.Tät.";"J"
"93603";"Berufe Musikinstrumentenbau (o.Spez.)-kompl.Spez.tät.";"J"
"93604";"Berufe Musikinstrumentenbau (o.Spez.)-hoch kompl.Tät.";"J"
"9361";"Berufe Streich- & Zupfinstrumentenbau";"J"
"93612";"Berufe Streich- & Zupfinstrumentenbau-fachl.ausg.Tät.";"J"
"93613";"Berufe Streich- & Zupfinstrumentenbau-kompl.Spez.tät.";"J"
"9362";"Berufe Holzblasinstrumentenbau";"J"
"93622";"Berufe Holzblasinstrumentenbau-fachl.ausg.Tät.";"J"
"93623";"Berufe Holzblasinstrumentenbau-kompl.Spez.tät.";"J"
"9363";"Berufe Metallblasinstrumentenbau";"J"
"93632";"Berufe Metallblasinstrumentenbau-fachl.ausg.Tät.";"J"
"93633";"Berufe Metallblasinstrumentenbau-kompl.Spez.tät.";"J"
"9364";"Berufe Klavier- & Cembalobau";"J"
"93642";"Berufe Klavier- & Cembalobau-fachl.ausg.Tät.";"J"
"93643";"Berufe Klavier- & Cembalobau-kompl.Spez.tät.";"J"
"9365";"Berufe Orgel- & Harmoniumbau";"J"
"93652";"Berufe Orgel- & Harmoniumbau-fachl.ausg.Tät.";"J"
"93653";"Berufe Orgel- & Harmoniumbau-kompl.Spez.tät.";"J"
"9368";"Berufe Musikinstrumentenb. (sonst.spez.Tät.)";"J"
"93682";"Berufe Musikinstrumentenb. (sonst.spez.Tät.)-fachl.ausg.Tät.";"J"
"93683";"Berufe Musikinstrumentenb. (sonst.spez.Tät.)-kompl.Spez.tät.";"J"
"9369";"Aufsichtskr.-Musikinstrumentenbau";"J"
"93693";"Aufsichtskr.-Musikinstrumentenbau";"J"
"94";"Darstellende & unterhaltende Berufe";"J"
"941";"Musik-, Gesangs- & Dirigententätigkeiten";"J"
"9411";"Musiker/innen";"J"
"94114";"Musiker/innen-hoch kompl.Tät.";"J"
"9412";"Sänger/innen";"J"
"94124";"Sänger/innen-hoch kompl.Tät.";"J"
"9413";"Dirigenten/Dirigentinnen";"J"
"94134";"Dirigenten/Dirigentinnen-hoch kompl.Tät.";"J"
"9414";"Komponisten/Komponistinnen";"J"
"94144";"Komponisten/Komponistinnen-hoch kompl.Tät.";"J"
"9418";"Musik-,Ges.-&Dirigententät.(sonst.spez.Tät.)";"J"
"94183";"Musik-,Ges.-&Dirigententät.(sonst.spez.Tät.)-kompl.Spez.tät.";"J"
"94184";"Musik-,Ges.-&Dirigententät.(sonst.spez.Tät.)-hoch kompl.Tät.";"J"
"942";"Schauspiel, Tanz & Bewegungskunst";"J"
"9421";"Schauspieler/innen";"J"
"94214";"Schauspieler/innen-hoch kompl.Tät.";"J"
"9422";"Tänzer/innen & Choreografen/Choreografinnen";"J"
"94224";"Tänzer/innen & Choreografen/Choreografinnen-hoch kompl.Tät.";"J"
"9423";"Mannequins, Dressmen & sonstige Models";"J"
"94232";"Mannequins, Dressmen & sonstige Models-fachl.ausg.Tät.";"J"
"9424";"Athleten/Athletinnen & Berufssportler/innen";"J"
"94243";"Athleten/Athletinnen & Berufssportler/innen-kompl.Spez.tät.";"J"
"9425";"Berufe personenbezogene Dienstleistungen";"J"
"94252";"Berufe personenbezogene Dienstleistungen-fachl.ausg.Tät.";"J"
"9428";"Schausp.,Tanz & Bewegungsk.(sonst.spez.Tät.)";"J"
"94283";"Schausp.,Tanz & Bewegungsk.(sonst.spez.Tät.)-kompl.Spez.tät.";"J"
"943";"Moderation & Unterhaltung";"J"
"9430";"Berufe Moderation & Unterhaltung (o.Spez.)";"J"
"94303";"Berufe Moderation & Unterhaltung (o.Spez.)-kompl.Spez.tät.";"J"
"9431";"Komiker/innen & Kabarettisten/-innen";"J"
"94313";"Komiker/innen & Kabarettisten/-innen-kompl.Spez.tät.";"J"
"9432";"Zauberer/-innen & Illusionisten/-innen";"J"
"94323";"Zauberer/-innen & Illusionisten/-innen-kompl.Spez.tät.";"J"
"9433";"Hörfunk-& Fernsehmoderatoren/-moderatorinnen";"J"
"94334";"Hörfunk-& Fernsehmoderatoren/-moderatorinnen-hoch kompl.Tät.";"J"
"9434";"Berufe Glücks- & Wettspiel";"J"
"94342";"Berufe Glücks- & Wettspiel-fachl.ausg.Tät.";"J"
"9438";"Berufe Moderat.&Unterhalt. (sonst.spez.Tät.)";"J"
"94383";"Berufe Moderat.&Unterhalt. (sonst.spez.Tät.)-kompl.Spez.tät.";"J"
"944";"Theater-, Film- & Fernsehproduktion";"J"
"9440";"Berufe Theater-, Film-&Fernsehprod.(o.Spez.)";"J"
"94402";"Berufe Theater-, Film-&Fernsehprod.(o.Spez.)-fachl.ausg.Tät.";"J"
"94403";"Berufe Theater-, Film-&Fernsehprod.(o.Spez.)-kompl.Spez.tät.";"J"
"94404";"Berufe Theater-, Film-&Fernsehprod.(o.Spez.)-hoch kompl.Tät.";"J"
"9441";"Berufe Regie";"J"
"94413";"Berufe Regie-kompl.Spez.tät.";"J"
"94414";"Berufe Regie-hoch kompl.Tät.";"J"
"9448";"Theater-,Film-&Fernsehprod.(sonst.spez.Tät.)";"J"
"94482";"Theater-,Film-&Fernsehprod.(sonst.spez.Tät.)-fachl.ausg.Tät.";"J"
"94483";"Theater-,Film-&Fernsehprod.(sonst.spez.Tät.)-kompl.Spez.tät.";"J"
"94484";"Theater-,Film-&Fernsehprod.(sonst.spez.Tät.)-hoch kompl.Tät.";"J"
"9449";"Aufsichts- & Führungskr.-Theater-, Film- & Fernsehproduktion";"J"
"94493";"Aufsichtskr.-Theater-, Film- & Fernsehproduktion";"J"
"94494";"Führungskr.-Theater-, Film- & Fernsehproduktion";"J"
"945";"Veranstaltungs-, Kamera- & Tontechnik";"J"
"9451";"Berufe Veranstaltungs- & Bühnentechnik";"J"
"94512";"Berufe Veranstaltungs- & Bühnentechnik-fachl.ausg.Tät.";"J"
"94513";"Berufe Veranstaltungs- & Bühnentechnik-kompl.Spez.tät.";"J"
"94514";"Berufe Veranstaltungs- & Bühnentechnik-hoch kompl.Tät.";"J"
"9452";"Berufe Kameratechnik";"J"
"94522";"Berufe Kameratechnik-fachl.ausg.Tät.";"J"
"94523";"Berufe Kameratechnik-kompl.Spez.tät.";"J"
"9453";"Berufe Bild- & Tontechnik";"J"
"94532";"Berufe Bild- & Tontechnik-fachl.ausg.Tät.";"J"
"94533";"Berufe Bild- & Tontechnik-kompl.Spez.tät.";"J"
"94534";"Berufe Bild- & Tontechnik-hoch kompl.Tät.";"J"
"9458";"Berufe Veran.,Kamera-&Tont.(sonst.spez.Tät.)";"J"
"94582";"Berufe Veran.,Kamera-&Tont.(sonst.spez.Tät.)-fachl.ausg.Tät.";"J"
"9459";"Aufsichtskr.-Veranstaltungs-, Kamera- & Tontechnik";"J"
"94593";"Aufsichtskr.-Veranstaltungs-, Kamera- & Tontechnik";"J"
"946";"Bühnen- & Kostümbildnerei, Requisite";"J"
"9461";"Berufe Bühnen- & Kostümbildnerei";"J"
"94612";"Berufe Bühnen- & Kostümbildnerei-fachl.ausg.Tät.";"J"
"94613";"Berufe Bühnen- & Kostümbildnerei-kompl.Spez.tät.";"J"
"94614";"Berufe Bühnen- & Kostümbildnerei-hoch kompl.Tät.";"J"
"9462";"Berufe Requisite";"J"
"94622";"Berufe Requisite-fachl.ausg.Tät.";"J"
"94623";"Berufe Requisite-kompl.Spez.tät.";"J"
"9469";"Aufsichtskr.-Bühnen-& Kostümbildnerei, Requisite";"J"
"94693";"Aufsichtskr.-Bühnen- & Kostümbildnerei, Requisite";"J"
"947";"Museumstechnik & -management";"J"
"9470";"Museumsberufe (o.Spez.)";"J"
"94704";"Museumsberufe (o.Spez.)-hoch kompl.Tät.";"J"
"9471";"Berufe Museums- & Ausstellungstechnik";"J"
"94712";"Berufe Museums- & Ausstellungstechnik-fachl.ausg.Tät.";"J"
"94713";"Berufe Museums- & Ausstellungstechnik-kompl.Spez.tät.";"J"
"94714";"Berufe Museums- & Ausstellungstechnik-hoch kompl.Tät.";"J"
"9472";"Kunstsachverständige";"J"
"94724";"Kunstsachverständige-hoch kompl.Tät.";"J"
"9479";"Führungskr.-Museum";"J"
"94794";"Führungskr.-Museum";"J"
"99";"Systematikebene der Tätigkeiten ohne Berufsbezug";"J"
"999";"Systematikebene der Tätigkeiten ohne Berufsbezug";"J"
"9999";"Systematikebene der Tätigkeiten ohne Berufsbezug";"J"
"99999";"Systematikebene der Tätigkeiten ohne Berufsbezug";"J"
